class	parent	getter_fn	dump_line
Action	CNomadObject	FUN_108d9820	1419012
ActionData	<root>	FUN_108d7a30	1417087
AvatarAMPSuit	CVehicleBase	FUN_104c9990	830444
AvatarActionOvertimeComponent	CEntityComponent	FUN_108ef360	1433986
AvatarCharacterSheet	CCharacterSheet	FUN_104cc680	832331
AvatarCharacterSheet_AMPSuit	AvatarCharacterSheet_Vehicle	FUN_104cca10	832507
AvatarCharacterSheet_Animal	AvatarCharacterSheet_NPC	FUN_104cc740	832395
AvatarCharacterSheet_AnimalMount	AvatarCharacterSheet_Vehicle	FUN_104cc800	832459
AvatarCharacterSheet_Destructable	AvatarCharacterSheet	FUN_104cc770	832411
AvatarCharacterSheet_FlyingAnimalMount	AvatarCharacterSheet_Vehicle	FUN_104cc830	832475
AvatarCharacterSheet_Humanoid	AvatarCharacterSheet_NPC	FUN_104cc710	832379
AvatarCharacterSheet_NPC	AvatarCharacterSheet	FUN_104cc6e0	832363
AvatarCharacterSheet_Plant	AvatarCharacterSheet_NPC	FUN_104cc860	832491
AvatarCharacterSheet_Player	AvatarCharacterSheet	FUN_104cc6b0	832347
AvatarCharacterSheet_Repairable	AvatarCharacterSheet	FUN_104cc7a0	832427
AvatarCharacterSheet_Vehicle	AvatarCharacterSheet	FUN_104cc7d0	832443
AvatarDepleteVitalityEvent	CEntityEvent	FUN_1050e9d0	873239
AvatarEntityListComponent	CEntityComponent	FUN_104ca110	830764
AvatarFilterComponent	CEntityComponent	FUN_104ca0e0	830748
AvatarGatherComponent	CEntityComponent	FUN_104ca260	830828
AvatarInteractiveComponent	CEntityComponent	FUN_108ef300	1433970
AvatarLootComponent	AvatarPickupComponent	FUN_104ca1d0	830812
AvatarMutliVarsManager	CSingletonEntity	FUN_101a7230	293181
AvatarPODComponent	CGameObject	FUN_108ef420	1434002
AvatarPawn	CEntityComponent	FUN_104c9650	830346
AvatarPawn_Humanoid	AvatarPawn	FUN_104c9710	830394
AvatarPawn_Player	AvatarPawn	FUN_104c96e0	830378
AvatarPickupComponent	CEntityComponent	FUN_104ca1a0	830796
AvatarPlayerCheckpointComponent	CEntityComponent	FUN_104ca080	830716
AvatarRefillAmmoEvent	CEntityEvent	FUN_1051c330	881153
AvatarRefillHealthManaEvent	CEntityEvent	FUN_1050e960	873202
AvatarRelayComponent	CEntityComponent	FUN_104ca170	830780
AvatarScannableComponent	CEntityComponent	FUN_104ca290	830844
AvatarShowTutorialEvent	CEntityEvent	FUN_104f02a0	854540
AvatarTriggerableComponent	CEntityComponent	FUN_104ca0b0	830732
AvatarVisibilityComponent	CEntityComponent	FUN_104ca2f0	830860
BTZWeapon	CFCXWeapon	FUN_104ca560	830956
BrainBtzAnimal	CBrain	FUN_10984340	1507297
BrainDirehorse	BrainBtzAnimal	FUN_10984540	1507425
BrainHexapede	BrainBtzAnimal	FUN_10984420	1507329
BrainStingbat	BrainBtzAnimal	FUN_10984480	1507361
BrainSturmbeest	BrainBtzAnimal	FUN_109844b0	1507377
BrainTapirus	BrainBtzAnimal	FUN_10984450	1507345
BrainThanator	BrainBtzAnimal	FUN_10984510	1507409
BuildSecondaryBase	TerritoryManagement	FUN_108e5a20	1427663
BuyTroops	Action	FUN_108d9850	1419028
BuyTroopsData	ActionData	FUN_108d9880	1419044
CAABBPartitionManager	CSingletonEntity	FUN_101a6e30	292883
CAIBuilding	CGameAIObject	FUN_10980620	1502081
CAIComponent	CEntityComponent	FUN_1003dd60	42561
CAIEvent	<root>	FUN_109a3ee0	1526982
CAIInfoManager	CSingletonEntity	FUN_1097f0f0	1501314
CAIMountedWeapon	CDynamicGameAIObject	FUN_109805f0	1502065
CAIObject	CAIObjectRoot	FUN_104a18c0	803063
CAIObjectRoot	CNomadObject	FUN_104a1890	803047
CAIShootMeEvent	CEntityEvent	FUN_104f7c70	859181
CAIShootMeObject	CEntityComponent	FUN_104c9350	830218
CAIStateComponent	CEntityComponent	FUN_101a6800	292443
CAIWorkspaceResource	CResourceContainer	FUN_104a1830	803015
CAIWorld	CCollective	FUN_1097dca0	1500841
CAMPSuitAction	CAgentAction	FUN_10984660	1507521
CAMPSuitAgent	CGameAgent	FUN_1097f4f0	1501520
CAMPSuitBeautifier	CEntityComponent	FUN_104c9db0	830572
CAMPSuitCanAcceptUserEvent	CBaseEvent	FUN_10550b30	910103
CAMPSuitNetworkComponent	CNetworkComponent	FUN_104c9a50	830460
CAMPSuitSoundAndFXComponent	CCreatureSoundAndFXComponent	FUN_104c9e70	830588
CAMPSuitUserAttachedEvent	CBaseEvent	FUN_10550c00	910140
CAMPSuitUserDetachedEvent	CBaseEvent	FUN_10550cd0	910177
CAcceptConnectionOperation	IOperation	FUN_10142b50	225688
CAction	CTask	FUN_104a1980	803127
CAddSEFactEvent	CEntityEvent	FUN_102524b0	409842
CAgent	CAIObject	FUN_104a18f0	803079
CAgentAction	CAction	FUN_10980650	1502097
CAgentDecision	CDecision	FUN_10980680	1502113
CAgentScanner	CScanner	FUN_10980f50	1502865
CAlwaysLoaded	CSingletonEntity	FUN_101a6d80	292851
CAnimal	CPawnBase	FUN_104cc220	832175
CAnimalAgent	CBaseAnimalAgent	FUN_1097e3d0	1501060
CAnimalMemento	CNetDataContainer	FUN_104c9bd0	830540
CAnimalNetFunc	CNetDataContainer	FUN_10558070	914034
CAnimalNetworkComponent	CNetworkComponent	FUN_104c9a80	830476
CAnimalPersonality	CLivingCreature	FUN_1097f060	1501266
CAnimalSoundAndFXComponent	CCreatureSoundAndFXComponent	FUN_104ca6b0	831004
CAnimationComponent	CEntityComponent	FUN_1003dbb0	42417
CAnimationPackageResource	CResourceContainer	FUN_101b8a10	306337
CAnimationResource	CResourceContainer	FUN_101b9200	306949
CArchiveFile	IFile	FUN_100c1d50	138171
CArmedVehicle	CVehicle	FUN_104c9f90	830668
CArmy	CCollective	FUN_1097d060	1500071
CAuthorizationService	IAuthorizationService	FUN_101a0650	287394
CAutomaticTurretAgent	TurretAgent	FUN_1097fc00	1501762
CAvatarBackgroundStaticGraphicComponent	CStaticGraphicComponent	FUN_101a72c0	293229
CAvatarCharacterSheet_PlayerMemento	CNetDataContainer	FUN_10558110	914050
CAvatarFriendInteractiveNotification	CAvatarFriendNotification	FUN_1095ac60	1482076
CAvatarFriendNotification	<root>	FUN_1095ac20	1482057
CAvatarFriendsNotificationService	IGameModeService	FUN_109363d0	1467749
CAvatarFriendsUIStrategy	CUIStrategy	FUN_10902210	1443773
CAvatarInviteFriendsUIStrategy	CAvatarFriendsUIStrategy	FUN_109367b0	1467868
CAvatarJoinFriendsUIStrategy	CAvatarFriendsUIStrategy	FUN_10902240	1443789
CAvatarLoadOutUIStrategy	CLoadOutUIStrategy	FUN_108ef5a0	1434034
CAvatarManageFriendsUIStrategy	CAvatarFriendsUIStrategy	FUN_109367e0	1467884
CAvatarMultiVarsNetworkComponent	CNetworkComponent	FUN_101a6120	291990
CAvatarPawnFxComponent	CEntityComponent	FUN_104c9680	830362
CAvatarPlayerCommunicationComponent	CEntityComponent	FUN_104caef0	831465
CAvatarRadioComponent	CEntityComponent	FUN_104caec0	831449
CAvatarRelayComponentTriggerEvent	CEntityEvent	FUN_10570f40	927617
CAvatarSkillNotificationEvent	CEntityEvent	FUN_1050f7f0	874014
CAvatarSkinComponent	CCustomMaterialComponent	FUN_1076d110	1203513
CAvatarTreebranchManager	CSingletonEntity	FUN_101a7290	293213
CAvatarTreebranchPoint	COmniEntity	FUN_101a7260	293197
CAvatarVisibilityHideEvent	CEntityEvent	FUN_10578770	931199
CAvatarVisibilityShowEvent	CEntityEvent	FUN_10578740	931183
CBTZDamageEvent	CBaseEvent	FUN_1050fc90	874201
CBTZDamageStim	CEntityEventStims	FUN_1003dc10	42449
CBTZFireDamageStim	CBTZDamageStim	FUN_105e0ac0	985472
CBTZGRStateCNHInRound	CGRStateTeamAdversarialInRound	FUN_10705a20	1147067
CBTZGRStateFinalBattleInRound	CGRStateTeamAdversarialInRound	FUN_10704ff0	1146649
CBTZGRStateHordeInRound	CGRStateTeamAdversarialInRound	FUN_10704960	1146258
CBTZGRStateKingOfTheHillInRound	CBTZGRStateCNHInRound	FUN_10705a50	1147083
CBTZMatchService	CMatchService	FUN_10647680	1039702
CBTZMissileRack	CBTZVehicleWeapon	FUN_104ca5f0	830988
CBTZOffscreenViewportTextureResource	CTextureResource	FUN_10198370	280807
CBTZPickupAmmo	CPickup	FUN_104ca7a0	831084
CBTZProjectile	CGameObject	FUN_104ca6e0	831020
CBTZProjectileSimple	CGameObject	FUN_104ca710	831036
CBTZProjectileToxic	CBTZProjectileSimple	FUN_104ca740	831052
CBTZSlingerProjectile	CGameObject	FUN_104ca770	831068
CBTZVehicleWeapon	BTZWeapon	FUN_104ca590	830972
CBTZWeaponFireGrenadeStrategy	CBTZWeaponFireProjectileStrategy	FUN_1062ecf0	1028925
CBTZWeaponFireMeleeStrategy	CWeaponFireMeleeStrategy	FUN_10581d00	936348
CBTZWeaponFireProjectileStrategy	CWeaponFireProjectileStrategy	FUN_1062ecc0	1028909
CBansheeAgent	CVehicleAgent	FUN_1097f490	1501488
CBargeDelimiter	CGameAIObject	FUN_10980560	1502017
CBarkManagerService	IGameModeService	FUN_105930c0	944710
CBarkResourceContainer	CResourceContainer	FUN_10697480	1087061
CBaseAnimalAgent	CPawnBaseAgent	FUN_1097e3a0	1501044
CBaseEntity	CNomadObject	FUN_100460e0	46339
CBaseEvent	CNomadObject	FUN_1003dac0	42355
CBaseFact	<root>	FUN_104ef7b0	853991
CBaseGraphicComponent	CRenderableComponent	FUN_10055b90	58107
CBaseMission	CNomadObject	FUN_106e6320	1128597
CBaseTriggerComponent	CEntityComponent	FUN_104ca800	831116
CBasicRegionEntity	CBasicShapeEntity	FUN_101a67a0	292411
CBasicShapeComponent	IShapeComponent	FUN_101a6ad0	292683
CBasicShapeEntity	IShapeEntity	FUN_101a6740	292379
CBeautifierRepository	CEntityComponent	FUN_1076c700	1203268
CBinaryResource	CResource	FUN_100c2b20	138927
CBindingComponent	CEntityComponent	FUN_101a5920	291430
CBinkResource	CResource	FUN_103b5560	643615
CBlueprintDecision	CDecision	FUN_109806b0	1502129
CBonusService	IGameModeService	FUN_10628e00	1025598
CBonusServiceMP	CBonusService	FUN_108a5d60	1390336
CBootESRBOnlineWarningOperation	CGameOperation	FUN_106d3f60	1117624
CBootFullScreenVideoOperation	CGameOperation	FUN_106d3f30	1117608
CBrain	CPlan	FUN_104a1a40	803191
CBrainAMPSuit	CBrain	FUN_10984630	1507505
CBrainAnimal	CBrain	FUN_10982990	1505105
CBrainAnimalAlert	CBrain	FUN_109829f0	1505137
CBrainAnimalAttack	CBrain	FUN_10982a20	1505153
CBrainAnimalIdle	CBrain	FUN_109829c0	1505121
CBrainBlackboardSelector	CBrain	FUN_109810a0	1502977
CBrainBoat	CBrain	FUN_10982ba0	1505281
CBrainBuddyBase	CBrainPawn	FUN_10982a80	1505185
CBrainCopter	CBrain	FUN_10982ae0	1505217
CBrainDomino	CBrainPawnBase	FUN_10982b70	1505265
CBrainDrone	CBrainPawn	FUN_10982bd0	1505297
CBrainHammerhead	BrainBtzAnimal	FUN_109844e0	1507393
CBrainHybridBanshee	CBrain	FUN_10982b10	1505233
CBrainLayeredPatrol	CBrain	FUN_10982c90	1505361
CBrainMerc	CBrainPawn	FUN_10982780	1504929
CBrainMercAMPSuit	CBrainPawn	FUN_10984ae0	1507905
CBrainMercAlert	CBrainPawn	FUN_109827e0	1504961
CBrainMercCombat	CBrainPawn	FUN_10982810	1504977
CBrainMercDead	CBrainPawn	FUN_109828a0	1505025
CBrainMercHitAndRun	CBrainPawn	FUN_10984b40	1507937
CBrainMercIdle	CBrainPawn	FUN_109827b0	1504945
CBrainMercSocial	CBrainPawn	FUN_10982840	1504993
CBrainMercSocialBehavior	CBrainPawn	FUN_10982870	1505009
CBrainMercSpecial	CBrainPawn	FUN_10982900	1505057
CBrainMercVehicle	CBrainPawn	FUN_10982930	1505073
CBrainPawn	CBrainPawnBase	FUN_10982720	1504897
CBrainPawnBase	CBrain	FUN_109826c0	1504865
CBrainPlayer	CBrainPawn	FUN_10982750	1504913
CBrainRescueBuddy	CBrainPawn	FUN_10982a50	1505169
CBrainSimple	CBrainPawnBase	FUN_109826f0	1504881
CBrainSmartTerrain	CBrain	FUN_10982960	1505089
CBrainSpecialCharacter	CBrainPawn	FUN_10982c00	1505313
CBrainStoopidMerc	CBrainPawn	FUN_109828d0	1505041
CBrainVehicle	CBrain	FUN_10982ab0	1505201
CBrainVehicleCombat	CBrain	FUN_10982b40	1505249
CBrainViperwolf	BrainBtzAnimal	FUN_10984370	1507313
CBranchPathFollower	CRandomPathFollower	FUN_1021fc40	378033
CBtzAnimal	CAnimal	FUN_104cc250	832191
CBtzAnimalAction	CPawnBaseAction	FUN_109845a0	1507457
CBtzAnimalAgent	CBaseAnimalAgent	FUN_1097f2e0	1501344
CBtzAudioOptionsUIStrategy	CBtzOptionsBaseUIStrategy	FUN_108ef2d0	1433954
CBtzDisplayOptionsUIStrategy	CBtzOptionsBaseUIStrategy	FUN_108ef240	1433922
CBtzGameFile	CGameFile	FUN_10921ec0	1458150
CBtzGameOptionsUIStrategy	CBtzOptionsBaseUIStrategy	FUN_108ef210	1433906
CBtzHudManager	CSingletonEntity	FUN_101a7200	293165
CBtzHudUIStrategy	CUIStrategy	FUN_108f3640	1435331
CBtzHudUIStrategy_Base	CBtzHudUIStrategy	FUN_108f3670	1435347
CBtzHudUIStrategy_Single	CBtzHudUIStrategy_Base	FUN_10943ce0	1471910
CBtzHudUIStrategy_TeamDeathMatch	CBtzHudUIStrategy_Single	FUN_10943e60	1471958
CBtzHybridAnimal	CBtzAnimal	FUN_104cc280	832207
CBtzHybridAnimalNetworkComponent	CAnimalNetworkComponent	FUN_104c9b40	830492
CBtzInputOptionsUIStrategy	CBtzOptionsBaseUIStrategy	FUN_108ef2a0	1433938
CBtzLoginOnlineAccountUIStrategy	CUIStrategy	FUN_108ef570	1434018
CBtzMultiLauncherUIStrategy	CUIStrategy	FUN_108ef0f0	1433874
CBtzNotificationUIStrategy	CBtzHudUIStrategy	FUN_108f36a0	1435363
CBtzNotificationUIStrategy_FinalBattle	CBtzNotificationUIStrategy	FUN_10943e30	1471942
CBtzOptionsBaseUIStrategy	CUIStrategy	FUN_108ef180	1433890
CBtzUiIndicatorStrategy	CUIStrategy	FUN_10943e00	1471926
CBuddiesManager	IGameModeService	FUN_105a0730	953045
CBuildingInfoComponent	CEntityComponent	FUN_104caad0	831241
CBurnableRegion	CBasicShapeEntity	FUN_104ccb60	832523
CCameraBoneComponent	CCameraComponent	FUN_104cbd20	831930
CCameraComponent	CEntityComponent	FUN_10248cd0	405340
CCameraFreeComponent	CCameraNetworkComponent	FUN_104cac80	831337
CCameraGameComponent	CCameraNetworkComponent	FUN_104cad10	831369
CCameraGhostComponent	CCameraFreeComponent	FUN_104cace0	831353
CCameraMode	CNomadObject	FUN_1053bc90	899695
CCameraModeGameplay	CCameraMode	FUN_1053bcc0	899711
CCameraNetworkComponent	CCameraComponent	FUN_104cac50	831321
CCameraParamVehicleComponent	CEntityComponent	FUN_104cae60	831433
CCameraPawnComponent	CCameraGameComponent	FUN_104cad40	831385
CCameraPlanetComponent	CCameraComponent	FUN_104cae00	831417
CCameraShakeAndPadRumbleComponent	CEntityComponent	FUN_104cbd50	831946
CCameraThirdComponent	CCameraNetworkComponent	FUN_104cada0	831401
CCapturePoint	CGameObject	FUN_104caa30	831209
CCapturePointNetworkComponent	CNetworkComponent	FUN_104caa60	831225
CChallenge	CNomadObject	FUN_105f9c90	999300
CChallengeComponent	CEntityComponent	FUN_104cb870	831834
CChallengeWeapon	CChallenge	FUN_105f9cc0	999316
CCharacterPhysComponent	CPhysComponent	FUN_1003dcd0	42513
CCharacterSheet	CEntityComponent	FUN_1003dbe0	42433
CChatMessage	CGameMessage	FUN_1023e490	397821
CCheckScoutEvent	CBaseEvent	FUN_10611f20	1011753
CCinematicCameraEntity	CEntity	FUN_101a5f10	291814
CClientDescriptor	CNetDescriptor	FUN_10e9f2e0	2413810
CClientDescriptor_RdV	CClientDescriptor	FUN_10e9f310	2413826
CClientInfo	<root>	FUN_10e97230	2407940
CClientInfo_RdV	CClientInfo	FUN_10e972e0	2407975
CCloseComputerEvent	CEntityEvent	FUN_104f86c0	859593
CClusterComponent	CRenderableComponent	FUN_101a6950	292555
CCollectionComponent	CEntityComponent	FUN_101a6a70	292651
CCollectionManager	CSingletonEntity	FUN_101a66b0	292331
CCollective	CAIObject	FUN_104a1aa0	803223
CCommandCBParam	<root>	FUN_1005aa30	61721
CCompassObjectives	CEntityComponent	FUN_1060dd80	1009528
CCompoundPhysChangeStateEvent	CEntityEvent	FUN_102d38e0	492823
CCompoundPhysComponent	CPhysComponent	FUN_1021c930	375518
CCompoundPhysComponentBreakableNode	CCompoundPhysComponentNode	FUN_10306a20	526313
CCompoundPhysComponentListNode	CCompoundPhysComponentNode	FUN_1030c940	529394
CCompoundPhysComponentNode	CNomadObject	FUN_102d36f0	492679
CCompoundPhysComponentSingleBodyNode	CCompoundPhysComponentNode	FUN_102d3a40	492888
CCompoundPhysDestroyEvent	CEntityEvent	FUN_102d3870	492807
CCompoundPhysForceStateEvent	CEntityEvent	FUN_102262c0	382334
CCompoundPhysMemento	CNetDataContainer	FUN_102045a0	360127
CCompoundPhysNetworkComponent	CNetworkComponent	FUN_1021c9f0	375582
CCompoundPhysOnDamageEvent	CEntityEvent	FUN_102d3840	492791
CCompoundPhysOnDamageLastStateEvent	CEntityEvent	FUN_102d3780	492727
CCompoundPhysOnDamageStateChangeEvent	CEntityEvent	FUN_102d37e0	492759
CCompoundPhysOnDestroyEvent	CEntityEvent	FUN_102d3810	492775
CCompoundPhysOnEventLastStateEvent	CEntityEvent	FUN_102d37b0	492743
CCompoundPhysOnPartBreakOffEvent	CEntityEvent	FUN_102d3750	492711
CCompoundPhysOnPostStateChangeEvent	CEntityEvent	FUN_10286190	442042
CCompoundPhysOnStateChangeEvent	CEntityEvent	FUN_102d3720	492695
CConnectMessage	CNetDataContainer	FUN_1014bcf0	232822
CConnectOperation	CSessionOperation	FUN_10e8cdc0	2399378
CConnectionMsg	CNetDataContainer	FUN_10138280	217697
CConnectionMsgConnectResponse	CConnectionMsg	FUN_10138300	217726
CConnectionMsgDisconnect	CConnectionMsg	FUN_10138370	217763
CConvoyMission	CGameAIObject	FUN_10980590	1502033
CCorpseComponent	CEntityComponent	FUN_101a5890	291382
CCountDownMessage	CGameMessage	FUN_1023e6f0	397853
CCounterThresholdCrossedEvent	CEntityEvent	FUN_106483d0	1039815
CCountersComponent	CEntityComponent	FUN_1003dd00	42529
CCountersComponentGO	CCountersComponent	FUN_104cb070	831545
CCreateConnectionMessage	CConnectMessage	FUN_108c21c0	1405566
CCreateNetObjectOperation	CNetObjectOperation	FUN_10136870	216394
CCreatureShakeAndRumbleEvent	CEntityEvent	FUN_1052eb00	891206
CCreatureSoundAndFXComponent	CEntityComponent	FUN_104c95c0	830314
CCurve	CBaseEntity	FUN_101a6620	292283
CCustomMaterialComponent	CEntityComponent	FUN_10198430	280870
CDMSpawnPointService	CSpawnPointService	FUN_106476e0	1039734
CDataBaseItemManager	CSingletonEntity	FUN_101a6c50	292811
CDayCycleScale	CNomadObject	FUN_101a5b00	291590
CDeathMessage	CGameMessage	FUN_106e97b0	1130301
CDecision	CTask	FUN_104a19b0	803143
CDependenciesService	IGameModeService	FUN_101dead0	334826
CDeserializeNetDataVisitor	CNetDataVisitor	FUN_1012e400	209163
CDestroyEvent	CEntityEvent	FUN_1021d520	376193
CDialogEvent	CSoundEvent	FUN_1025a530	414775
CDiamondPickedEvent	CEntityEvent	FUN_10611be0	1011596
CDirehorseAgent	CBtzAnimalAgent	FUN_1097f400	1501440
CDisableNavMeshVolumeEvent	CEntityEvent	FUN_105ab3c0	958547
CDisconnectBanned	CDisconnectMessage	FUN_10138250	217681
CDisconnectMessage	CNetDataContainer	FUN_10138220	217665
CDisconnectionOperation	IOperation	FUN_10142ef0	225928
CDispatcher	CAgent	FUN_104a1a70	803207
CDispatcherConvoy	CDispatcher	FUN_1097de00	1500958
CDispatcherSocial	CDispatcher	FUN_1097dd10	1500878
CDispatcherSquadLieutenant	CDispatcher	FUN_1097dc70	1500825
CDispatcherVehicle	CDispatcher	FUN_1097dd70	1500910
CDlcService	IGameModeService	FUN_104cbe10	832010
CDodgeEvent	CEntityEvent	FUN_105558b0	912697
CDominoBoxInstance	CResourceContainer	FUN_1029c380	455803
CDominoBoxResource	CResourceContainer	FUN_10226090	382214
CDominoCallbackEvent	CEntityEvent	FUN_1029ad20	454881
CDominoComponent	CEntityComponent	FUN_101a6150	292006
CDominoEvent	CEntityEvent	FUN_10261300	418561
CDominoManager	CSingletonEntity	FUN_101a72f0	293245
CDominoService	IGameModeService	FUN_101a0680	287410
CDominoWorldSynchFlagOp	CFCXLoadWorldSynchOp	FUN_106d7c80	1120112
CDoor	CEntityComponent	FUN_104cb680	831786
CDoubleFusionComponent	COnlineAdComponent	FUN_101a6860	292475
CDroneBombAgent	TurretAgent	FUN_1097fbd0	1501746
CDynLoadComponent	CEntityComponent	FUN_104cc2b0	832223
CDynamicDeploadComponent	CEntityComponent	FUN_101a5980	291462
CDynamicGameAIObject	CGameAIObject	FUN_109803e0	1501889
CDynamicLightComponent	CEntityComponent	FUN_101a6bc0	292763
CEconomyComponent	CEntityComponent	FUN_104c93e0	830234
CEditableEventComponent	CEntityComponent	FUN_101b89e0	306321
CEnableNavMeshVolumeEvent	CEntityEvent	FUN_105ab430	958584
CEntity	CBaseEntity	FUN_100461b0	46408
CEntityComponent	CNomadObject	FUN_1003cd50	41615
CEntityDieEvent	CEntityEvent	FUN_10229d60	383816
CEntityEvent	CBaseEvent	FUN_1003daf0	42371
CEntityEventAddContainer	CEntityEvent	FUN_10738af0	1174136
CEntityEventCanContain	CEntityEvent	FUN_10738a80	1174099
CEntityEventIsUsable	CEntityEvent	FUN_104efa10	854155
CEntityEventOnUsed	CEntityEvent	FUN_104efa80	854192
CEntityEventOnUsing	CEntityEvent	FUN_1051c250	881121
CEntityEventProjectileBindState	CBaseEvent	FUN_107ec2a0	1280192
CEntityEventStims	CEntityEvent	FUN_1003db20	42387
CEntityNetDescriptor	CNetDescriptor	FUN_1018d230	274681
CEntityReviveEvent	CEntityEvent	FUN_1053bda0	899748
CEntitySystemService	IGameModeService	FUN_106d8470	1120382
CEntityUsableStateEvent	CEntityEvent	FUN_104efaf0	854229
CEntranceInfoComponent	CEntityComponent	FUN_104cab00	831257
CEnvironmentAdaptiveBloom	CNomadObject	FUN_101a5c00	291670
CEnvironmentAtmosphericScattering	CNomadObject	FUN_101a5ca0	291718
CEnvironmentCloud	CNomadObject	FUN_101a5b90	291638
CEnvironmentCorpHighlight	CNomadObject	FUN_101a5aa0	291558
CEnvironmentDepthOfField	CNomadObject	FUN_101a5c30	291686
CEnvironmentFog	CNomadObject	FUN_101a59e0	291494
CEnvironmentGlow	CNomadObject	FUN_101a5c70	291702
CEnvironmentLighting	CNomadObject	FUN_101a59b0	291478
CEnvironmentPlanets	CNomadObject	FUN_101a5b30	291606
CEnvironmentSky	CNomadObject	FUN_101a5a10	291510
CEnvironmentSun	CEnvironmentWithDependencies	FUN_101a5a70	291542
CEnvironmentTransition	CNomadObject	FUN_101a5b60	291622
CEnvironmentWeather	CNomadObject	FUN_101a5ad0	291574
CEnvironmentWind	CNomadObject	FUN_101a5bc0	291654
CEnvironmentWithDependencies	CNomadObject	FUN_101a5a40	291526
CEquipmentBase	CGameObject	FUN_104c9ba0	830524
CEquipmentUseStrategy	CNomadObject	FUN_104ca4d0	830908
CEventAMPSuitCommandAcquireUser	CAIEvent	FUN_109e6140	1562932
CEventBuddyReportTargetUpdate	CAIEvent	FUN_109a4280	1527292
CEventCommonCommandExecuteSTP	CAIEvent	FUN_109d3f40	1554847
CEventCommonReportDestinationReached	CAIEvent	FUN_109a42f0	1527329
CEventCommonReportUnreachableDestination	CAIEvent	FUN_109ca680	1548936
CEventComponent	CEntityComponent	FUN_101a68c0	292507
CEventDriveCommandCombatTarget	CAIEvent	FUN_109d3fd0	1554895
CEventDriveCommandConvoyCargo	CAIEvent	FUN_109d3fa0	1554879
CEventDriveCommandConvoyLeader	CAIEvent	FUN_109d3f70	1554863
CEventDriveCommandGhostPatrol	CAIEvent	FUN_109d4090	1554959
CEventDriveCommandReinforce	CAIEvent	FUN_109d4060	1554943
CEventDriveCommandSearchTarget	CAIEvent	FUN_109d4000	1554911
CEventDriveCommandSearchThreat	CAIEvent	FUN_109d4030	1554927
CEventDriveReportConvoyNoUser	CAIEvent	FUN_109d0e40	1553044
CEventDriveReportConvoyTarget	CAIEvent	FUN_109d0e70	1553060
CEventDriveReportConvoyThreat	CAIEvent	FUN_109d0e10	1553028
CEventDriveReportGunnerScanPos	CAIEvent	FUN_109ca770	1549016
CEventDriveReportLostOccupant	CAIEvent	FUN_109ca6e0	1548968
CEventDriveReportLostReservation	CAIEvent	FUN_109ca710	1548984
CEventDriveReportNewBestTarget	CAIEvent	FUN_109ca740	1549000
CEventDriveReportNewOccupant	CAIEvent	FUN_109ca6b0	1548952
CEventDriveReportReleasedVehicleUser	CAIEvent	FUN_109a4320	1527345
CEventDriveReportSlaveRequest	CAIEvent	FUN_109a4350	1527361
CEventMercCommandBark	CAIEvent	FUN_109b6ba0	1539632
CEventMercCommandCombatTarget	CAIEvent	FUN_109b69b0	1539510
CEventMercCommandLaunchGrenadeInBuilding	CAIEvent	FUN_109b6cc0	1539728
CEventMercCommandPlayerInAIvsAIZone	CAIEvent	FUN_109b6cf0	1539744
CEventMercCommandProjectileSeen	CAIEvent	FUN_109b6a90	1539563
CEventMercCommandSetArmyMemberRole	CAIEvent	FUN_109b6b40	1539600
CEventMercCommandSetArmyMemberRoleAction	CAIEvent	FUN_109b6b70	1539616
CEventMercCommandSetBestTarget	CAIEvent	FUN_109b6c60	1539696
CEventMercCommandSetGunnerScanPos	CAIEvent	FUN_109b6c90	1539712
CEventMercCommandSetLeaderTarget	CAIEvent	FUN_109b6db0	1539808
CEventMercCommandSetRallyPoint	CAIEvent	FUN_109b6de0	1539824
CEventMercCommandSetSquadAction	CAIEvent	FUN_109b6d50	1539776
CEventMercCommandSetSquadRole	CAIEvent	FUN_109b6d80	1539792
CEventMercCommandSocial	CAIEvent	FUN_109b6e10	1539840
CEventMercCommandStandOffFormation	CAIEvent	FUN_109b6e40	1539856
CEventMercCommandThreatened	CAIEvent	FUN_109b69e0	1539526
CEventMercCommandTrespassCombat	CAIEvent	FUN_109b6bd0	1539648
CEventMercCommandUseAMPSuit	CAIEvent	FUN_109b6f70	1539908
CEventMercCommandUseVehicle	CAIEvent	FUN_109b6c00	1539664
CEventMercCommandUseVehicleSeat	CAIEvent	FUN_109b6c30	1539680
CEventMercCommandVehicleStateUpdate	CAIEvent	FUN_109b6d20	1539760
CEventMercReportBarkRequest	CAIEvent	FUN_109a40d0	1527148
CEventMercReportDied	CAIEvent	FUN_109ca650	1548920
CEventMercReportFinishedAttack	CAIEvent	FUN_109a4220	1527260
CEventMercReportMacheteKillEvent	CAIEvent	FUN_109a4190	1527212
CEventMercReportNeedVehicle	CAIEvent	FUN_109a4160	1527196
CEventMercReportProjectile	CAIEvent	FUN_109a40a0	1527132
CEventMercReportReadyForAMPSuit	CAIEvent	FUN_109a4380	1527377
CEventMercReportReadyForVehicle	CAIEvent	FUN_109a4100	1527164
CEventMercReportRenewReservation	CAIEvent	FUN_109ca620	1548904
CEventMercReportSetRallyPoint	CAIEvent	FUN_109a41f0	1527244
CEventMercReportShotAtDuringWager	CAIEvent	FUN_109a4250	1527276
CEventMercReportSuspiciousBuilding	CAIEvent	FUN_109a41c0	1527228
CEventMercReportThreat	CAIEvent	FUN_109a4070	1527116
CEventMercReportVehicleSTPRequest	CAIEvent	FUN_109a4130	1527180
CEventSocialReportSeePlayerBumpedMe	CAIEvent	FUN_109b3920	1537743
CEventSocialReportShotFired	CAIEvent	FUN_109b3950	1537759
CExplosive	CGameObject	FUN_104cbd80	831962
CExplosiveEvent	CEntityEvent	FUN_105fab20	999938
CExplosiveKillEvent	CBaseEvent	FUN_105cc9f0	974249
CFCXAIBehaviorService	IGameModeService	FUN_106476b0	1039718
CFCXAIComponent	CAIComponent	FUN_104caf80	831481
CFCXActivatePresenceOperation	CFCXGameOperation	FUN_106d2390	1117168
CFCXBarkManagerService	CBarkManagerService	FUN_105930f0	944726
CFCXBenchmarkService	IGameModeService	FUN_106474a0	1039622
CFCXClassService	IGameModeService	FUN_10647830	1039782
CFCXClearMessageBoxManager	CFCXGameOperation	FUN_106d2480	1117184
CFCXCountersComponent	CCountersComponentGO	FUN_104cb0a0	831561
CFCXCountersComponentAI	CFCXCountersComponent	FUN_104cb0d0	831577
CFCXCountersComponentAIBuddy	CFCXCountersComponentAI	FUN_104cb100	831593
CFCXCountersComponentPlayer	CFCXCountersComponent	FUN_104cb260	831642
CFCXCountersComponentPlayerMP	CFCXCountersComponentPlayer	FUN_104cb290	831658
CFCXCountersComponentPlayerSP	CFCXCountersComponentPlayer	FUN_104cb2c0	831674
CFCXCountersService	ICountersService	FUN_1057fe70	935511
CFCXCreateGameModeOperation	CGameOperationContainer	FUN_1005a3b0	61421
CFCXCreateSessionOperation	CFCXGameOperation	FUN_106dade0	1121563
CFCXDeleteGameModeOperation	CFCXGameOperation	FUN_106d9de0	1121162
CFCXDeleteSessionOperation	CFCXGameOperation	FUN_106d2300	1117136
CFCXGOSetUpdateFlags	CGameOperation	FUN_106df080	1123723
CFCXGRStateAdversarialLobby	CGRStateAdversarialLobby	FUN_107146c0	1155700
CFCXGRStateBenchmark	CGRState	FUN_10709c80	1150256
CFCXGRStateBenchmarkWaitForLoad	CGRStateLoad	FUN_10709c50	1150240
CFCXGRStateCTFInRound	CGRStateTeamAdversarialInRound	FUN_10706de0	1148069
CFCXGRStateDeathMatchInRound	CGRStateAdversarialInRound	FUN_10714660	1155668
CFCXGRStateMultiMenu	CGRState	FUN_104ca950	831180
CFCXGRStatePostRound	CGRStatePostRound	FUN_10705040	1146665
CFCXGRStatePreRound	CGRStatePreRound	FUN_10704a20	1146322
CFCXGRStateSingleInGame	CGRStateSingle	FUN_10711760	1153824
CFCXGRStateSinglePreGame	CGRStateLoad	FUN_106cee70	1116144
CFCXGRStateTeamAdversarialLobby	CGRStateTeamAdversarialLobby	FUN_107049c0	1146290
CFCXGRStateTeamDeathMatchInRound	CGRStateTeamAdversarialInRound	FUN_10707520	1148398
CFCXGRStateVIPInRound	CGRStateTeamAdversarialInRound	FUN_10713430	1154823
CFCXGameMessageService	CGameMessageService	FUN_105d2b20	978075
CFCXGameModeChange	CFCXGameOperation	FUN_106d9d00	1121130
CFCXGameModeInitNetworkOperation	CFCXGameOperation	FUN_106d2240	1117072
CFCXGameModeShutdownNetworkOperation	CFCXGameOperation	FUN_106d2270	1117088
CFCXGameOperation	CGameOperation	FUN_1005a320	61373
CFCXGameSoundService	CGameSoundService	FUN_10647560	1039670
CFCXGameStartOperation	CFCXGameOperation	FUN_1005a560	61533
CFCXGameplayManager	CGameplayManager	FUN_1063c530	1035912
CFCXInitializeTerminalsOperation	CFCXGameOperation	FUN_1005a4a0	61469
CFCXJoinSessionOperation	CFCXGameOperation	FUN_106d2360	1117152
CFCXLoadGameOperation	CFCXGameOperation	FUN_106d3da0	1117560
CFCXLoadGameStartOperation	CFCXGameOperation	FUN_106d1cc0	1116926
CFCXLoadOutItemsTransaction	CNetDataContainer	FUN_106eaee0	1131059
CFCXLoadOutService	IGameModeService	FUN_10647500	1039638
CFCXLoadWorldOp	CFCXGameOperation	FUN_106d7c10	1120096
CFCXLoadWorldOperation	CGameOperationContainer	FUN_1005a440	61437
CFCXLoadWorldSynchOp	CFCXGameOperation	FUN_10628d10	1025518
CFCXLoginOperation	CFCXGameOperation	FUN_1005a350	61389
CFCXMissionManager	IGameModeService	FUN_1057fea0	935527
CFCXNetEngineShutdownOperation	CFCXGameOperation	FUN_106d22d0	1117120
CFCXNetEngineStartupOperation	CFCXGameOperation	FUN_106d22a0	1117104
CFCXOnLoadWorldOp	CFCXGameOperation	FUN_106d7d50	1120128
CFCXOnPostLoadWorldOp	CFCXGameOperation	FUN_106d7e30	1120160
CFCXOnPreLoadWorldOp	CFCXGameOperation	FUN_106d7ba0	1120080
CFCXOnlineConversionHelper	<root>	FUN_106fb070	1141240
CFCXPlayer	CPlayer	FUN_10509ac0	869885
CFCXPlayerService	CPlayerService	FUN_10509a90	869869
CFCXPostGameModeChange	CFCXGameOperation	FUN_106d9d70	1121146
CFCXPostLoadWorldOp	CFCXGameOperation	FUN_106d7dc0	1120144
CFCXPostMetaPodTeleportOperation	CFCXGameOperation	FUN_106d4150	1117688
CFCXPostReviveOperation	CFCXGameOperation	FUN_1053bc60	899679
CFCXPostSoundOperation	CFCXGameOperation	FUN_10685cc0	1077852
CFCXPreLoadWorldOp	CFCXGameOperation	FUN_106d7b30	1120064
CFCXPreSoundOperation	CFCXGameOperation	FUN_10685c90	1077836
CFCXPrepareLoadingScreenOperation	CFCXGameOperation	FUN_1005a4d0	61485
CFCXPrepareRendererOperation	CFCXGameOperation	FUN_1005a590	61549
CFCXPrepareUnloadWorldOperation	CFCXGameOperation	FUN_106d3cf0	1117544
CFCXRankService	IGameModeService	FUN_10647800	1039766
CFCXRemoveEntityFromListOperation	CGameOperation	FUN_10628da0	1025566
CFCXRunBatchFileOperation	CGameOperation	FUN_1005a530	61517
CFCXSetGameBooting	CFCXGameOperation	FUN_106d3e50	1117576
CFCXSingleGameFilesService	CGameFilesService	FUN_104cbcc0	831914
CFCXSkipFramesOperation	CFCXGameOperation	FUN_10628d70	1025550
CFCXStartEditor	CGameOperationContainer	FUN_106df0f0	1123739
CFCXStartNetworkOperation	CFCXGameOperation	FUN_106dadb0	1121547
CFCXStopEditor	CGameOperationContainer	FUN_106df120	1123755
CFCXTeleportEntityOperation	CFCXGameOperation	FUN_10628d40	1025534
CFCXUnloadLoadingScreenOperation	CFCXGameOperation	FUN_1005a500	61501
CFCXUnloadWorldOperation	CFCXGameOperation	FUN_1005a470	61453
CFCXUnsetGameBooting	CFCXGameOperation	FUN_106d3ec0	1117592
CFCXWeapon	CWeapon	FUN_104ca530	830940
CFCXWeaponsService	CWeaponsService	FUN_105cc6b0	974127
CFCXWorldReadyOperation	CFCXGameOperation	FUN_106d7f20	1120176
CFaceActorResource	CResource	FUN_103178a0	537965
CFaceAnimResource	CResource	FUN_10317870	537949
CFcxAIEventDesertChange	CEntityEvent	FUN_109d51d0	1555743
CFileDescriptorComponent	CEntityComponent	FUN_101a68f0	292523
CFileDescriptorRuntimeComponent	CFileDescriptorComponent	FUN_101a6920	292539
CFireComponent	CEntityComponent	FUN_104cb3e0	831706
CFireObjectComponent	CFireComponent	FUN_104cb410	831722
CFireRegionComponent	CFireComponent	FUN_104cb4d0	831738
CFireStartedEvent	CBaseEvent	FUN_105e46e0	987451
CFireStickyStreamComponent	CFireComponent	FUN_104cb500	831754
CFlag	CGameObject	FUN_104c9560	830298
CFlagMemento	CNetDataContainer	FUN_1050cd20	871980
CFlagStation	CGameObject	FUN_104ca8c0	831148
CFlagStationNetworkComponent	CNetworkComponent	FUN_104ca8f0	831164
CFlyingAnimalPersonality	CLivingCreature	FUN_1097f090	1501282
CFrankensteinComponent	CEntityComponent	FUN_10644b10	1038881
CFrankensteinPoseResource	CResourceContainer	FUN_10317840	537933
CFriendListService	IGameModeService	FUN_108a5d90	1390352
CFullScreenVideoOperation	CGameOperation	FUN_1063bf50	1035674
CGOExternalState	CGOState	FUN_100c8d20	143871
CGOState	CNomadObject	FUN_100c8cf0	143855
CGOStateEvent	<root>	FUN_1062fac0	1029518
CGOStateEventEquipment	CGOStateEvent	FUN_10641690	1037908
CGRAmmoPilesRespawn	CGRQueryParams	FUN_1084efb0	1342401
CGRAmmoPilesSpawnProjectiles	CGRQueryParams	FUN_107e5b40	1275926
CGRCanBackstab	CGRQueryParams	FUN_105cf840	976206
CGRCanRemoveInventoryEntities	CGRQueryParams	FUN_106ceed0	1116176
CGRCanStab	CGRQueryParams	FUN_1082faf0	1321732
CGRDropInventoryWhenRagdoll	CGRQueryParams	FUN_10741e00	1179251
CGREvent	CCommandCBParam	FUN_1005aaa0	61756
CGREventEndGameStatsReceived	CGREvent	FUN_1023ada0	395392
CGREventFlagPickedUp	CGREvent	FUN_10509990	869781
CGREventFlagScore	CGREvent	FUN_1059e680	951670
CGREventFlagStolen	CGREvent	FUN_1059e610	951634
CGREventFlagTimedOut	CGREvent	FUN_105099c0	869797
CGREventOnAnimalKill	CGREvent	FUN_1052a790	888852
CGREventOnDropFlag	CGREvent	FUN_106435b0	1038239
CGREventOnEntityReady	CGREvent	FUN_1076a120	1201534
CGREventOnExtractionTrigger	CGREvent	FUN_1056b7b0	924419
CGREventOnExtractionTriggerNotFirstTime	CGREvent	FUN_1056c030	924743
CGREventOnKill	CGREvent	FUN_1051e5e0	881897
CGREventOnOutOfWorld	CGREvent	FUN_105d29b0	977990
CGREventOnPawnDied	CGREvent	FUN_1071fcc0	1161945
CGREventOnPawnDown	CGREvent	FUN_107252f0	1164942
CGREventOnPawnReady	CGREvent	FUN_1005ab00	61788
CGREventOnPlayerEnterCaptureCircle	CGREvent	FUN_105a33f0	953922
CGREventOnPlayerExitCaptureCircle	CGREvent	FUN_105a3420	953938
CGREventOnPointCaptured	CGREvent	FUN_105a5000	954866
CGREventOnQuitMatch	CGREvent	FUN_10850390	1343185
CGREventOnRepairableDamageImpact	CGREventOnRepairableObject	FUN_1052c670	890033
CGREventOnRepairableObject	CGREvent	FUN_1052c350	889823
CGREventOnRepairableObjectDamaged	CGREventOnRepairableObject	FUN_1052c460	889911
CGREventOnRepairableObjectDestroyed	CGREventOnRepairableObject	FUN_1052c430	889895
CGREventOnRepairableObjectFixed	CGREventOnRepairableObject	FUN_1052c4e0	889948
CGREventOnRepairableObjectRepaired	CGREventOnRepairableObject	FUN_1052c3c0	889859
CGREventOnRequestChangeTeamCaptain	CGREvent	FUN_10725320	1164958
CGREventOnRequestEndMatch	CGREvent	FUN_106f00a0	1134740
CGREventOnRequestExtendMatch	CGREvent	FUN_106f0100	1134772
CGREventOnRequestRestartMatch	CGREvent	FUN_106f00d0	1134756
CGREventOnRequestSkipMap	CGREvent	FUN_106f0130	1134788
CGREventOnRequestStartMatch	CGREvent	FUN_1084c5c0	1340480
CGREventOnRequestTeamChange	CGREvent	FUN_1075f3f0	1195629
CGREventOnRevive	CGREvent	FUN_1071b9a0	1160080
CGREventOnSpawnPlayer	CGREvent	FUN_107151f0	1156112
CGREventOnTryDropFlag	CGREvent	FUN_10643580	1038223
CGREventRequestDisplayLoadOut	CGREvent	FUN_10635b90	1032804
CGREventRequestDisplayPauseMulti	CGREvent	FUN_108503c0	1343201
CGREventRequestHideLoadOut	CGREvent	FUN_10635bf0	1032820
CGREventSkillRingMode	CGREvent	FUN_1071fd50	1161993
CGRGenericEvent	CGREvent	FUN_1005aad0	61772
CGRQueryCanCallVote	CGRQueryParams	FUN_1071e200	1161114
CGRQueryCanCapturePoint	CGRQueryParams	FUN_1071e260	1161146
CGRQueryCanChangeTeam	CGRQueryParams	FUN_10855940	1346668
CGRQueryCanDepositFlag	CGRQueryParams	FUN_1059e730	951728
CGRQueryCanDoDamage	CGRQueryParams	FUN_1062fe20	1029693
CGRQueryCanJamEquipment	CGRQueryParams	FUN_106c25d0	1108934
CGRQueryCanModifyHealth	CGRQueryParams	FUN_105cf810	976190
CGRQueryCanPickUpFlag	CGRQueryParams	FUN_105099f0	869813
CGRQueryCanPlayerRequestDisplayLoadOut	CGRQueryParams	FUN_10717b70	1157338
CGRQueryCanPlayerRequestHideLoadOut	CGRQueryParams	FUN_10717ba0	1157354
CGRQueryCanRevive	CGRQueryParams	FUN_108161a0	1306010
CGRQueryCanTakeFlag	CGRQueryParams	FUN_1059e6b0	951686
CGRQueryCanVoiceChat	CGRQueryParams	FUN_1076a150	1201550
CGRQueryDisplayAccountErrors	CGRQueryParams	FUN_10723310	1164022
CGRQueryDisplayConfirmDestructiveAction	CGRQueryParams	FUN_106cef00	1116192
CGRQueryDisplayEthernetLinkError	CGRQueryParams	FUN_10723340	1164038
CGRQueryFlagTimer	CGRQueryParams	FUN_1071fd20	1161977
CGRQueryGetBases	CGRQueryParams	FUN_10704fc0	1146633
CGRQueryGetCapturePoints	CGRQueryParams	FUN_10705e20	1147267
CGRQueryGetFlagStations	CGRQueryParams	FUN_10706db0	1148053
CGRQueryGetMenuContext	CGRQueryParams	FUN_10723940	1164257
CGRQueryGetPickupPiles	CGRQueryParams	FUN_1084dc20	1341610
CGRQueryGetPlayerRespawnTime	CGRQueryParams	FUN_10850420	1343233
CGRQueryGetStateTimeLeft	CGRQueryParams	FUN_101e1ce0	337024
CGRQueryGetTeamScore	CGRQueryParams	FUN_1071e230	1161130
CGRQueryGetWaveRespawnTime	CGRQueryParams	FUN_108503f0	1343217
CGRQueryHasFlag	CGRQueryParams	FUN_1071fcf0	1161961
CGRQueryHasFlagTimedOut	CGRQueryParams	FUN_10509a60	869853
CGRQueryIsDefaultEquipmentCategory	CGRQueryParams	FUN_106eae50	1131027
CGRQueryIsDodgeBlocked	CGRQueryParams	FUN_1051bb70	880856
CGRQueryIsGameInLobby	CGRQueryParams	FUN_10001aa0	690
CGRQueryIsGameInMainMenu	CGRQueryParams	FUN_107098a0	1150143
CGRQueryIsGameInPostRound	CGRQueryParams	FUN_1084c5f0	1340496
CGRQueryIsGameInPreRound	CGRQueryParams	FUN_106f0210	1134850
CGRQueryIsGameInProgress	CGRQueryParams	FUN_100428a0	44355
CGRQueryIsInteractivePopupAllowed	CGRQueryParams	FUN_1071b120	1159805
CGRQueryIsLoadOutDisplayed	CGRQueryParams	FUN_10704a80	1146354
CGRQueryIsReviveEnabled	CGRQueryParams	FUN_105d29e0	978006
CGRQueryIsSuicide	CGRQueryParams	FUN_10719d10	1159054
CGRQueryIsTeamBasedMode	CGRQueryParams	FUN_106f0240	1134866
CGRQueryIsVehicleAccessBlocked	CGRQueryParams	FUN_104efba0	854266
CGRQueryIsWaitingForRevive	CGRQueryParams	FUN_10725350	1164974
CGRQueryIsWorldNeeded	CGRQueryParams	FUN_1076a180	1201566
CGRQueryIsaVIPPlayer	CGRQueryParams	FUN_1060df50	1009583
CGRQueryJoinAsSpectator	CGRQueryParams	FUN_107842e0	1219048
CGRQueryParams	<root>	FUN_10001a60	671
CGRQuerySystemPresence	CGRQueryParams	FUN_106ceea0	1116160
CGRQueryWaitForRevive	CGRQueryParams	FUN_10644ae0	1038865
CGRState	<root>	FUN_1005a950	61653
CGRStateAdversarial	CGRState	FUN_107048d0	1146210
CGRStateAdversarialInRound	CGRStateAdversarial	FUN_10714630	1155652
CGRStateAdversarialLobby	CGRState	FUN_10714690	1155684
CGRStateIdle	CGRState	FUN_101e11d0	336441
CGRStateLoad	CGRState	FUN_1005aa70	61740
CGRStateLoadPlayer	CGRStateLoad	FUN_107047c0	1146149
CGRStateLoadWorld	CGRStateLoad	FUN_107047f0	1146165
CGRStatePostRound	CGRState	FUN_10704a50	1146338
CGRStatePreRound	CGRState	FUN_107049f0	1146306
CGRStateSingle	CGRState	FUN_10711730	1153808
CGRStateTeamAdversarial	CGRStateAdversarial	FUN_10704900	1146226
CGRStateTeamAdversarialInRound	CGRStateTeamAdversarial	FUN_10704930	1146242
CGRStateTeamAdversarialLobby	CGRState	FUN_10704990	1146274
CGRStateUnload	CGRState	FUN_10704820	1146181
CGRUsePawnEquipmentFromArchetype	CGRQueryParams	FUN_10711790	1153840
CGadget	CEquipmentBase	FUN_104cbdb0	831978
CGadgetMemento	CNetDataContainer	FUN_107882f0	1222034
CGadgetProjectileMemento	CGadgetMemento	FUN_108925a0	1379241
CGameAIObject	CAIObject	FUN_1097dda0	1500926
CGameAgent	CAgent	FUN_1097ca60	1499967
CGameDataValueBase	<root>	FUN_10712f70	1154574
CGameElementEntity	COmniMapEntity	FUN_10629230	1025674
CGameFile	<root>	FUN_108bb030	1403608
CGameFilesService	IGameModeService	FUN_104cbc90	831898
CGameMessage	CNetDataContainer	FUN_10237d40	393681
CGameMessageBox	<root>	FUN_1075bb60	1192901
CGameMessageBoxEvent	CGameMessageBox	FUN_1075bba0	1192920
CGameMessageBoxQuickMatchStatus	CGameMessageBoxSpinner	FUN_1076c600	1203252
CGameMessageBoxSpinner	CGameMessageBox	FUN_1075bbd0	1192936
CGameMessageLocalHud	CGameMessage	FUN_10719fb0	1159164
CGameMessageMultiText	CGameMessage	FUN_1023e420	397805
CGameMessageParser	<root>	FUN_10216090	371289
CGameMessageParser_Generic	CGameMessageParser	FUN_102160d0	371308
CGameMessageService	IGameMessageService	FUN_101a05f0	287362
CGameMessageText	CGameMessage	FUN_1023e260	397702
CGameMission	CBaseMission	FUN_106e6350	1128613
CGameMode	<root>	FUN_1005a8e0	61635
CGameModeEntity	COmniEntity	FUN_1076a1b0	1201582
CGameModeMessageFinalBattle	CGameModeMessageWinner	FUN_106e98b0	1130347
CGameModeMessageWinner	CGameMessage	FUN_106e9820	1130317
CGameModeServiceEvent	CNomadObject	FUN_101dea70	334794
CGameModeServiceNetEngineEvent	CGameModeServiceEvent	FUN_101deaa0	334810
CGameModeTeamDeathMatch	CGameMode	FUN_1064cbf0	1042208
CGameObject	CEntityComponent	FUN_10055bf0	58139
CGameOperation	<root>	FUN_1003cbf0	41500
CGameOperationBuilder	<root>	FUN_1003cb80	41466
CGameOperationContainer	CGameOperation	FUN_1005a380	61405
CGameOperationSimpleBuilder	CGameOperationBuilder	FUN_107337d0	1171201
CGamePlayMessageText	CGameMessageText	FUN_1023e290	397718
CGameRules	<root>	FUN_1005a990	61671
CGameSetting	<root>	FUN_1023fb70	398619
CGameSettingsContainer	CGameSetting	FUN_1023fbb0	398638
CGameSettingsService	IGameModeService	FUN_101a0560	287314
CGameSoundMessage	CGameMessage	FUN_10237d70	393697
CGameSoundSequenceMessage	CGameMessage	FUN_10237de0	393713
CGameSoundService	IGameSoundService	FUN_10198400	280854
CGameStatsService	IGameStatsService	FUN_106db880	1122046
CGameplayManager	IGameModeService	FUN_10581cd0	936332
CGeometryResource	CResourceContainer	FUN_101c9e50	319894
CGhostComponent	CEntityComponent	FUN_101a61b0	292038
CGhostEntity	COmniMapEntity	FUN_101a7430	293349
CGodRayComponent	CEntityComponent	FUN_101a60f0	291974
CGraphicClusterComponent	CClusterComponent	FUN_101a6980	292571
CGraphicComponent	CBaseGraphicComponent	FUN_10055bc0	58123
CGraphicKitComponent	CEntityComponent	FUN_10055b30	58075
CGrassDisplacementComponent	CEntityComponent	FUN_101a6000	291894
CHMRCoverEvent	CEntityEvent	FUN_105bfec0	968593
CHellfireWaspAgent	CBtzAnimalAgent	FUN_1097f4c0	1501504
CHexapedeAgent	CBtzAnimalAgent	FUN_1097f340	1501376
CHordeSpawnPointService	CSpawnPointService	FUN_10719d80	1159070
CHordeSpawnerComponent	CEntityComponent	FUN_104ca050	830700
CHudComponent	CEntityComponent	FUN_10610100	1010775
CHumanPersonality	CLivingCreature	FUN_1097f030	1501250
CIEDPlacedEvent	CEntityEvent	FUN_109a1ec0	1525711
CIgniteProjectile	CEntityEvent	FUN_1058a3f0	939955
CIgnitorComponent	CEntityComponent	FUN_104cb620	831770
CIgnitorMemento	CNetDataContainer	FUN_105ec450	991418
CInitializeNatOperation	CSessionOperation	FUN_10e8cd90	2399362
CInputDriver	<root>	FUN_100b2710	126567
CInputDriverGamepad	CInputDriver	FUN_100d8140	153428
CInputDriverKeyboard	CInputDriver	FUN_100b2750	126586
CInputDriverMouse	CInputDriver	FUN_100d6e60	152761
CInventoryItem	CNomadObject	FUN_105cc590	974028
CInventoryItemAmmoPouch	CInventoryItem	FUN_105cf8e0	976250
CInventoryItemEquipment	CInventoryItem	FUN_105cc5c0	974044
CInventoryItemEquippedGadget	CInventoryItemGadget	FUN_10741e60	1179267
CInventoryItemGadget	CInventoryItemEquipment	FUN_10741cd0	1179159
CInventoryItemWeapon	CInventoryItemEquipment	FUN_105cc5f0	974060
CKickBanService	IGameModeService	FUN_106ef800	1134442
CLadder	CGameObject	FUN_1051c2c0	881137
CLadderMemento	CNetDataContainer	FUN_10879e00	1366594
CLadderNetworkComponent	CNetworkComponent	FUN_1076d230	1203593
CLadderPawnMemento	CNetDataContainer	FUN_108162e0	1306116
CLandmarkFarCategory	CSectorSpawnCategory	FUN_10204db0	360650
CLandmarkNearCategory	CSectorSpawnCategory	FUN_10204d80	360634
CLayerResource	CResourceContainer	FUN_102acb40	466270
CLightEvent	CEntityEvent	FUN_102612d0	418545
CLinearPathFollower	CPathFollower	FUN_1021fbe0	378001
CLivingCreature	CPersonality	FUN_1097efd0	1501218
CLoadFlashMovies	CGameOperation	FUN_106d3c40	1117528
CLoadOutEquipAmmoItem	CLoadOutEquipItem	FUN_106ead60	1130959
CLoadOutEquipGadgetItem	CLoadOutEquipItem	FUN_106ead30	1130943
CLoadOutEquipHandToHandItem	CLoadOutEquipWeaponItem	FUN_106ead00	1130927
CLoadOutEquipItem	CLoadOutItem	FUN_106eabd0	1130826
CLoadOutEquipPrimaryItem	CLoadOutEquipWeaponItem	FUN_106eac70	1130879
CLoadOutEquipSecItem	CLoadOutEquipWeaponItem	FUN_106eaca0	1130895
CLoadOutEquipSpecialItem	CLoadOutEquipWeaponItem	FUN_106eacd0	1130911
CLoadOutEquipWeaponItem	CLoadOutEquipItem	FUN_106eac40	1130863
CLoadOutItem	<root>	FUN_106eab90	1130807
CLoadOutUIStrategy	CUIStrategy	FUN_106eaae0	1130761
CLobbyService	IGameModeService	FUN_10647530	1039654
CLobbyUIStrategy	CUIStrategy	FUN_1084c620	1340512
CLoginSessionParam	COperationData	FUN_10e8bb10	2398218
CLoopingPathFollower	CPathFollower	FUN_1021fbb0	377985
CLootPickedUpEvent	CEntityEvent	FUN_10573a80	928830
CLuaResource	CResource	FUN_102260c0	382230
CMPBase	CEntityComponent	FUN_104c9440	830250
CMachine	CPersonality	FUN_1097f000	1501234
CMagicCrate	CEntityComponent	FUN_104cb7e0	831802
CMajorLocationEntity	CEntity	FUN_104cbc30	831882
CMapElementComponent	CEntityComponent	FUN_105c0e80	969096
CMapIntelligence	CEntityComponent	FUN_104cbc00	831866
CMapOverrideTextureEvent	CEntityEvent	FUN_10611eb0	1011716
CMapService	IGameModeService	FUN_106475c0	1039686
CMassiveComponent	COnlineAdComponent	FUN_101a6890	292491
CMatchService	IGameModeService	FUN_10628dd0	1025582
CMaterialImpactFxEvent	CEntityEvent	FUN_102bedd0	479469
CMaterialResource	CResourceContainer	FUN_101f3660	348923
CMemoryStreamFile	IFile	FUN_100f1290	173520
CMetaSector	CWorldSector	FUN_101a5d30	291766
CMetagameUIComponent	CEntityComponent	FUN_1005d1d0	63603
CMigrateSessionParam	COperationData	FUN_10e8b570	2397903
CMissileNetworkComponent	CNetworkComponent	FUN_104ca7d0	831100
CMissionComponent	CEntityComponent	FUN_101a5eb0	291782
CMissionHandlerEvent	CScriptEvent	FUN_1022bc20	384980
CMortarIncoming	CEntityEvent	FUN_107b6a70	1248081
CMountedWeapon	CEntityComponent	FUN_105312c0	892770
CMountedWeaponSmartTerrain	CSmartTerrain	FUN_109804a0	1501953
CMovementResource	CResourceContainer	FUN_101b9340	307054
CMusicAIInfoManager	CSingletonEntity	FUN_1097f0c0	1501298
CMuzzleFlashManager	IGameModeService	FUN_1079adf0	1233926
CNPCSpawnerComponent	CEntityComponent	FUN_104ca020	830684
CNavMeshGenComponent	CGameAIObject	FUN_109805c0	1502049
CNavMeshSectorEvent	CBaseEvent	FUN_104bdff0	820740
CNavMeshSectorResource	CResourceContainer	FUN_104a1860	803031
CNavigationVolumeComponent	CEntityComponent	FUN_101a5fd0	291878
CNetDataContainer	<root>	FUN_10096e20	107665
CNetDataVisitor	<root>	FUN_1012afa0	206169
CNetDescriptor	CNetDataContainer	FUN_1012e680	209313
CNetFuncDrawWeapon	CPawnNetFunc	FUN_1089e1c0	1386269
CNetGameCtrlState	<root>	FUN_106d3310	1117226
CNetGameCtrlStateChangeContext	CNetGameCtrlStateGameContext	FUN_10783bb0	1218636
CNetGameCtrlStateGameContext	CNetGameCtrlState	FUN_10783b80	1218620
CNetGameCtrlStateLoadWorld	CNetGameCtrlStateUpdate	FUN_106d3380	1117261
CNetGameCtrlStateLocalPresence	CNetGameCtrlStatePresence	FUN_10783c70	1218702
CNetGameCtrlStatePresence	CNetGameCtrlState	FUN_10783c00	1218665
CNetGameCtrlStateUnloadWorld	CNetGameCtrlStateUpdate	FUN_106d33d0	1117290
CNetGameCtrlStateUpdate	CNetGameCtrlState	FUN_106d3350	1117245
CNetGameCtrlStateUpdateInGame	CNetGameCtrlStateUpdate	FUN_1075f030	1195421
CNetGameCtrlStateUpdateLobby	CNetGameCtrlStateUpdate	FUN_10783ca0	1218718
CNetMessageClientReady	CNetDataContainer	FUN_10e9c540	2411552
CNetMessageClientReady_RdV	CNetMessageClientReady	FUN_10e9f340	2413842
CNetMessageEmpty	CNetDataContainer	FUN_1012af40	206154
CNetObjectOperation	IOperation	FUN_10136840	216378
CNetObjectSerializer	<root>	FUN_1012ff00	210666
CNetSessionMessageQuery	CNetDataContainer	FUN_10e8eb70	2401346
CNetSessionMessageResponse	CNetDataContainer	FUN_10e9c280	2411386
CNetSessionMigrationMessage	CNetDataContainer	FUN_10e8eba0	2401362
CNetSimulationCameraMemento	CNetDataContainer	FUN_1013f5d0	222961
CNetworkComponent	CEntityComponent	FUN_101a5f70	291846
CNetworkResource	CResource	FUN_101a5f40	291830
CNetworkSetting	<root>	FUN_101383a0	217778
CNetworkSettingsCollection	CNetworkSetting	FUN_10144400	227066
CNewConnectionOperation	IOperation	FUN_10142bb0	225721
CNewParticlesComponent	CEntityComponent	FUN_101a69b0	292587
CNewParticlesSystemCleanEvent	CEntityEvent	FUN_10255480	411740
CNewParticlesSystemPauseEvent	CEntityEvent	FUN_102553a0	411666
CNewParticlesSystemStartEvent	CEntityEvent	FUN_10255370	411650
CNewParticlesSystemStopEvent	CEntityEvent	FUN_10255410	411703
CNomadDbObject	CNomadObject	FUN_1025a590	414807
CNomadDbObjectNamed	CNomadDbObject	FUN_1027f180	437375
CNomadObject	<root>	FUN_1003cb10	41432
COcclusionQueryComponent	CEntityComponent	FUN_101a58f0	291414
COffsetedImpactFxEvent	CMaterialImpactFxEvent	FUN_1052eb30	891222
COmniEntity	CEntity	FUN_101a6650	292299
COmniMapEntity	CEntity	FUN_101a66e0	292347
COmniMapTickedEntity	COmniMapEntity	FUN_101a69e0	292603
COnGameStatChangedParam	IOnValueChangedParam	FUN_1023d780	397213
COnStatChangedParam	IOnValueChangedParam	FUN_102ea9a0	508332
COnlineAdComponent	CEntityComponent	FUN_101a6830	292459
COpenComputerEvent	CEntityEvent	FUN_104f8650	859556
COperation	<root>	FUN_10e8a5c0	2396805
COperationData	<root>	FUN_10e8a510	2396772
COutOfWorldEvent	CEntityEvent	FUN_1058df00	941672
CParasolAgent	CGameAIObject	FUN_1097f520	1501536
CParasolCluster	CDynamicGameAIObject	FUN_10984570	1507441
CParticleAutoDestroyComponent	CNewParticlesComponent	FUN_101a6a10	292619
CParticleEventListenerComponent	CEntityComponent	FUN_1076d0e0	1203497
CParticleFXComponent	CEntityComponent	FUN_101a6a40	292635
CParticleFXEvent	CEntityEvent	FUN_1021d490	376153
CParticlePhysComponent	CPhysComponent	FUN_1021c900	375502
CParticlesEmitterParamResource	CResourceContainer	FUN_103e3480	676148
CParticlesSystemParamResource	CResourceContainer	FUN_10255340	411634
CPartyService	IGameModeService	FUN_108a5d30	1390320
CPathFindTester	CAgent	FUN_10980500	1501985
CPathFollower	CNomadObject	FUN_1021fb80	377969
CPatrolBrain	CBrain	FUN_10982c30	1505329
CPawn	CPawnBase	FUN_10055c50	58171
CPawnAction	CPawnBaseAction	FUN_10980740	1502177
CPawnAgent	CPawnBaseAgent	FUN_1097dd40	1500894
CPawnBase	CGameObject	FUN_10055c20	58155
CPawnBaseAction	CAgentAction	FUN_109806e0	1502145
CPawnBaseAgent	CGameAgent	FUN_1097ce30	1500037
CPawnBaseDecision	CAgentDecision	FUN_10980710	1502161
CPawnBaseScanner	CAgentScanner	FUN_10982e10	1505489
CPawnBaseSensorySystem	CNomadObject	FUN_109e30b0	1561729
CPawnBeautifier	CEntityComponent	FUN_1003d080	41887
CPawnBeautifierComponent	CEntityComponent	FUN_10055c80	58187
CPawnBurnedEvent	CBaseEvent	FUN_105cc980	974213
CPawnCommonMemento	CNetDataContainer	FUN_108160b0	1305930
CPawnControllerMemento	CPawnCommonMemento	FUN_108160e0	1305946
CPawnDecision	CPawnBaseDecision	FUN_10980770	1502193
CPawnEnemyMonitor	CEntityComponent	FUN_10702020	1145063
CPawnEvent	CEntityEvent	FUN_1054f490	908964
CPawnEventFakeBullet	CEntityEvent	FUN_105f4b10	995881
CPawnEventMeleeStrike	CEntityEvent	FUN_10531b20	893067
CPawnEventProcessLanding	CEntityEvent	FUN_104ed3a0	852584
CPawnHitAndRunAgent	CPawnAgent	FUN_1097fcd0	1501828
CPawnHostMemento	CNetDataContainer	FUN_10816110	1305962
CPawnInteractionMonitor	CEntityComponent	FUN_1003dd30	42545
CPawnInventoryEquipmentMemento	CNetDataContainer	FUN_10816170	1305994
CPawnNetDodge	CNetDataContainer	FUN_105559a0	912734
CPawnNetFunc	CNetDataContainer	FUN_1062d4d0	1027745
CPawnNetMessageEntityID	CNetDataContainer	FUN_10700b40	1144315
CPawnNetMessageStartStopShoot	CNetDataContainer	FUN_108118f0	1302817
CPawnNetMessageSwitchIEDMode	CNetDataContainer	FUN_10811960	1302854
CPawnNetMessageUseEntity	CNetDataContainer	FUN_106dfa40	1124116
CPawnNetworkComponent	CNetworkComponent	FUN_1050e930	873186
CPawnScanner	CPawnBaseScanner	FUN_10982e40	1505505
CPawnSoundAndFXComponent	CCreatureSoundAndFXComponent	FUN_104cb810	831818
CPawnThirdPartyMemento	CPawnCommonMemento	FUN_10816140	1305978
CPeerMessageDeliveryOperation	IOperation	FUN_10142c20	225756
CPersistComponent	CEntityComponent	FUN_101a5d00	291750
CPersistenceMgr	IGameModeService	FUN_10204c30	360530
CPersonality	CNomadObject	FUN_1097efa0	1501202
CPhoneCallEvent	CEntityEvent	FUN_106100a0	1010759
CPhysBulletHitStim	CPhysStim	FUN_102b3fc0	472545
CPhysCollisionQueryEvent	CBaseEvent	FUN_102fecb0	521502
CPhysCollisionStim	CPhysStim	FUN_1028b3b0	445733
CPhysComponent	CEntityComponent	FUN_1003dca0	42497
CPhysExplosionStim	CPhysStim	FUN_102b3ff0	472561
CPhysMemento	CNetDataContainer	FUN_10203870	359479
CPhysNetworkComponent	CNetworkComponent	FUN_1021c9c0	375566
CPhysOutOfWorldEvent	CEntityEvent	FUN_10229a60	383694
CPhysParticleMemento	CNetDataContainer	FUN_10899ab0	1383364
CPhysPhantomComponent	CEntityComponent	FUN_101a6180	292022
CPhysRayPhantomComponent	CEntityComponent	FUN_1021c960	375534
CPhysResource	CResource	FUN_101f3630	348907
CPhysStim	CEntityEventStims	FUN_1028b380	445717
CPickup	CEntityComponent	FUN_104ca500	830924
CPickupContainer	CPickup	FUN_104cb380	831690
CPickupEvent	CEntityEvent	FUN_1076d290	1203609
CPickupGadget	CPickup	FUN_105d8160	980658
CPickupGrabEvent	CBaseEvent	FUN_107f3e60	1284536
CPickupMemento	CNetDataContainer	FUN_107f3f10	1284594
CPickupScoutedEvent	CEntityEvent	FUN_1076d2c0	1203625
CPickupWeapon	CPickup	FUN_105d8130	980642
CPierAnchor	CGameAIObject	FUN_10980530	1502001
CPlan	CAction	FUN_104a1a10	803175
CPlanetComponent	CRenderableComponent	FUN_101a71d0	293149
CPlanetEntity	COmniEntity	FUN_101a71a0	293133
CPlanetUIComponent	CEntityComponent	FUN_104cb040	831529
CPlantMemento	CNetDataContainer	FUN_1055a850	915279
CPlantNetworkComponent	CNetworkComponent	FUN_104c9b70	830508
CPlayActionBrain	CBrain	FUN_10982c60	1505345
CPlaybackComponent	CEntityComponent	FUN_104c9530	830282
CPlayer	IPlayer	FUN_10046110	46355
CPlayerChangeSpawningStrategyMessage	CNetDataContainer	FUN_1075f670	1195833
CPlayerDescriptor	CNetDescriptor	FUN_106e9360	1130165
CPlayerInfoMessage	CNetDataContainer	FUN_1075f6e0	1195870
CPlayerReadyToPlayMessage	CNetDataContainer	FUN_1075f600	1195796
CPlayerRequestTeamChange	CNetDataContainer	FUN_1075f530	1195727
CPlayerSGfxKitParts	CNetDataContainer	FUN_1075f590	1195759
CPlayerService	IPlayerService	FUN_10046180	46392
CPlayerSoundAndFXComponent	CPawnSoundAndFXComponent	FUN_104cb8a0	831850
CPlayerSoundEvent	CEntityEvent	FUN_105faaf0	999922
CPlayerSpawningDetails	CNetDataContainer	FUN_106e9460	1130204
CPlayerSpawningState	CNetDataContainer	FUN_1075f4d0	1195694
CPlayerStatsFullNetDataContainer	CNetDataContainer	FUN_1023add0	395408
CPlayerStatsNetDataContainer	CNetDataContainer	FUN_1023ae00	395424
CPlayerTeamInfo	CNetDataContainer	FUN_1075f450	1195662
CPositionLoggerComponent	CEntityComponent	FUN_101a6bf0	292779
CPostFXRequestEvent	CEntityEvent	FUN_10534890	894591
CPostFxDatabase	CEntityComponent	FUN_1076cb30	1203356
CPostFxService	IGameModeService	FUN_107c3d40	1254510
CPreLoadState	CResourceContainer	FUN_1022c360	385338
CPrefabEntity	CEntity	FUN_101a6770	292395
CPrefabManager	CSingletonEntity	FUN_101a7350	293277
CProximityTriggerComponent	CBaseTriggerComponent	FUN_104ca830	831132
CQueryProjectileSynchroEvent	CBaseEvent	FUN_107ec200	1280152
CQuickMatchGatherOpCtn	CGameOperationContainer	FUN_108a4160	1389231
CQuickMatchJoinCandidateOp	CGameOperation	FUN_108a4310	1389374
CQuickMatchJoinOpCtn	CGameOperationContainer	FUN_108a41d0	1389268
CQuickMatchPingCandidatesOp	CGameOperation	FUN_108a4270	1389321
CQuickMatchRetrieveCandidatesOp	CGameOperation	FUN_108a4200	1389284
CQuickMatchSelectCandidateOp	CGameOperation	FUN_108a42e0	1389358
CRadarComponent	CEntityComponent	FUN_101a6090	291942
CRadarComponent_Player	CRadarComponent	FUN_101a60c0	291958
CRainComponent	CEntityComponent	FUN_10502e90	865366
CRandomPathFollower	CPathFollower	FUN_1021fc10	378017
CRandomShooterComponent	CEntityComponent	FUN_104ca3b0	830892
CRealtreeClusterComponent	CClusterComponent	FUN_101a7110	293085
CRealtreeComponent	CRenderableComponent	FUN_101a70e0	293069
CRealtreeFx	CNomadDbObject	FUN_1027f150	437359
CRealtreeFxManager	CSingletonEntity	FUN_101a6e00	292867
CRealtreeResource	CResourceContainer	FUN_1018ced0	274507
CRemoveSEFactEvent	CEntityEvent	FUN_102524e0	409858
CRenderableComponent	CEntityComponent	FUN_10055b60	58091
CRescueManager	IGameModeService	FUN_105ced20	975749
CResetInputOperation	CGameOperation	FUN_106d4090	1117672
CResource	<root>	FUN_100af0d0	123680
CResourceContainer	CResource	FUN_100af110	123699
CResourceNotifier	CResourceContainer	FUN_100c2330	138514
CResourceWatch	CResourceNotifier	FUN_102705d0	429163
CRigidGraphicComponent	CStaticGraphicComponent	FUN_101a70b0	293053
CRigidPhysComponent	CPhysComponent	FUN_1021c8d0	375486
CRigidPhysOnDamageEvent	CEntityEvent	FUN_102cf810	490418
CRigidPhysOnDieEvent	CEntityEvent	FUN_102cf870	490450
CRigidPhysOnStateChangeEvent	CEntityEvent	FUN_102cf840	490434
CRoadSign	CEntityComponent	FUN_104cc340	832255
CRocket	CGameObject	FUN_104cbde0	831994
CSRLResource	CResource	FUN_101fc930	355119
CSafeHouseComponent	CEntityComponent	FUN_104cafe0	831497
CSafeHouseKillMercEvent	CEntityEvent	FUN_10500560	863969
CScanner	CTask	FUN_104a19e0	803159
CScannerAMPSuitUser	CAgentScanner	FUN_10984a50	1507857
CScannerAgentAimingAt	CPawnScanner	FUN_10983260	1505857
CScannerAgentHasRaisedWeapon	CPawnScanner	FUN_10983230	1505841
CScannerAgentIsVisible	CPawnScanner	FUN_109831a0	1505793
CScannerAgentSocialProximity	CPawnScanner	FUN_109831d0	1505809
CScannerAgentStaredown	CPawnScanner	FUN_10983200	1505825
CScannerAimStrategy	CPawnScanner	FUN_10983650	1506193
CScannerAnimalHurt	CAgentScanner	FUN_10982d80	1505441
CScannerAnimalObstacleAhead	CAgentScanner	FUN_10983740	1506273
CScannerAnimalThreatChanged	CAgentScanner	FUN_10983710	1506257
CScannerAnimalThreatened	CAgentScanner	FUN_109836e0	1506241
CScannerArmyMemberRole	CPawnScanner	FUN_10983080	1505697
CScannerArmyMemberState	CPawnScanner	FUN_10983050	1505681
CScannerBestTargetChangedPos	CAgentScanner	FUN_10983620	1506177
CScannerBlackboardFact	CAgentScanner	FUN_10980f80	1502881
CScannerCanDisableSTPDynamicAvoidance	CPawnScanner	FUN_10983440	1506017
CScannerCannotEnterCombat	CPawnBaseScanner	FUN_10984a80	1507873
CScannerCharSheetStat	CAgentScanner	FUN_10984ab0	1507889
CScannerCheckSkill	CAgentScanner	FUN_10982db0	1505457
CScannerCheckValue	CAgentScanner	FUN_109837d0	1506321
CScannerDead	CAgentScanner	FUN_10982ed0	1505553
CScannerDominoEvent	CPawnBaseScanner	FUN_109832c0	1505889
CScannerEmotionStrategy	CPawnScanner	FUN_109835f0	1506161
CScannerFactExist	CAgentScanner	FUN_10982e70	1505521
CScannerFireProximity	CAgentScanner	FUN_10982f60	1505601
CScannerFireStrategy	CPawnScanner	FUN_10983590	1506129
CScannerInFOV	CPawnScanner	FUN_109830b0	1505713
CScannerInterestLookAtType	CPawnScanner	FUN_10983110	1505745
CScannerIsAIShootMeObjectValid	CPawnScanner	FUN_10983410	1506001
CScannerIsAnimalMounted	CAgentScanner	FUN_10983020	1505665
CScannerIsDead	CAgentScanner	FUN_10982d50	1505425
CScannerIsInBuilding	CPawnScanner	FUN_10983380	1505953
CScannerIsInDistance	CPawnScanner	FUN_109837a0	1506305
CScannerIsInVehicle	CPawnScanner	FUN_109832f0	1505905
CScannerIsOnMountedWeapon	CPawnScanner	FUN_10982ff0	1505649
CScannerIsPosOnBarge	CAgentScanner	FUN_10982fc0	1505633
CScannerIsRotatedTowardsPos	CPawnScanner	FUN_10982f90	1505617
CScannerIsUnderFire	CPawnScanner	FUN_109830e0	1505729
CScannerLookStrategy	CPawnScanner	FUN_109835c0	1506145
CScannerMovingPosition	CAgentScanner	FUN_10982f30	1505585
CScannerMutualGreeting	CPawnScanner	FUN_10983170	1505777
CScannerNewTargetNeeded	CPawnScanner	FUN_10983350	1505937
CScannerPawnInfo	CPawnScanner	FUN_109836b0	1506225
CScannerPawnSenses	CPawnScanner	FUN_10983290	1505873
CScannerRiskPoint	CPawnScanner	FUN_109833e0	1505985
CScannerSideLookOpening	CPawnScanner	FUN_10983320	1505921
CScannerSocialBehavior	CPawnScanner	FUN_10983140	1505761
CScannerSocialRegion	CPawnScanner	FUN_109833b0	1505969
CScannerSpecialStrategy	CPawnScanner	FUN_10983680	1506209
CScannerTargetVisible	CPawnScanner	FUN_10982f00	1505569
CScannerVehicleCannotReachTarget	CVehicleScanner	FUN_109842b0	1507249
CScannerVehicleIntruderAboard	CVehicleScanner	FUN_109841f0	1507185
CScannerVehicleIsFunctional	CVehicleScanner	FUN_10984250	1507217
CScannerVehicleIsMounted	CVehicleScanner	FUN_10984280	1507233
CScannerVehicleMergePosReached	CVehicleScanner	FUN_10984220	1507201
CScannerVehiclePierAnchor	CVehicleScanner	FUN_109841c0	1507169
CScannerVehicleStandBy	CAgentScanner	FUN_10983800	1506337
CScannerVisualThreat	CPawnScanner	FUN_10982ea0	1505537
CScannerWalkDistance	CAgentScanner	FUN_10983770	1506289
CScoreboardService	IGameModeService	FUN_10635b20	1032788
CScriptCallbackComponent	CEntityComponent	FUN_101a5830	291350
CScriptEntityId	<root>	FUN_102bd490	478430
CScriptEvent	CEntityEvent	FUN_1022a610	384051
CScriptService	IGameModeService	FUN_101a0590	287330
CScriptedScenePrefabEntity	CPrefabEntity	FUN_104cc2e0	832239
CSectorDataResource	CResource	FUN_10204d20	360602
CSectorDescriptorResource	CResource	FUN_10204bd0	360498
CSectorEntity	CEntity	FUN_101a6060	291926
CSectorPreloadResource	CResource	FUN_10204c00	360514
CSectorResource	CResourceContainer	FUN_103b54d0	643567
CSectorSpawnCategory	CResourceContainer	FUN_10204d50	360618
CSerializeNetDataVisitor	CNetDataVisitor	FUN_1012e430	209179
CServiceMessageDataContainer	CNetDataContainer	FUN_1012b0e0	206253
CServiceUnicastDataContainer	CNetDataContainer	FUN_1012b010	206203
CSessionCreateGameOperation	CSessionOperation	FUN_10e8ec30	2401410
CSessionCreateOperation	CSessionOperation	FUN_10e8ec00	2401394
CSessionCreateServiceOperation	CSessionOperation	FUN_10e8ec60	2401426
CSessionDeleteGameOperation	CSessionOperation	FUN_10e8a630	2396840
CSessionDeleteOperation	CSessionOperation	FUN_10e8ee80	2401619
CSessionDeleteServiceOperation	CSessionOperation	FUN_10e8eef0	2401661
CSessionDescriptor	CNetDescriptor	FUN_10e8ebd0	2401378
CSessionEndOperation	CSessionOperation	FUN_10e8efe0	2401748
CSessionInfo	<root>	FUN_10e89ed0	2396316
CSessionInfo_RdV	CSessionInfo	FUN_10e97270	2407959
CSessionJoinGameOperation	CSessionOperation	FUN_10e8ed80	2401529
CSessionJoinOperation	CSessionOperation	FUN_10e8ed30	2401500
CSessionJoinServiceOperation	CSessionOperation	FUN_10e8edd0	2401558
CSessionLoginOperation	CSessionOperation	FUN_10e8ee20	2401587
CSessionLogoutOperation	CSessionOperation	FUN_10e8ee50	2401603
CSessionMigrateOperation	CSessionOperation	FUN_10e8f030	2401777
CSessionOperation	COperation	FUN_10e8a600	2396824
CSessionQueryOperation	CSessionOperation	FUN_10ea9b60	2420397
CSessionSearchOperation	CSessionOperation	FUN_10e8ece0	2401471
CSessionSendInviteOperation	CSessionOperation	FUN_10e8f080	2401806
CSessionStartNetOperation	CSessionOperation	FUN_10e8ef40	2401690
CSessionStartOperation	CSessionOperation	FUN_10e8ef90	2401719
CSessionUpdateOperation	CSessionOperation	FUN_10e8ec90	2401442
CSetNetInstanceIdEvent	CBaseEvent	FUN_107e6510	1276429
CShaderPreloadOperation	CGameOperation	FUN_106d3fe0	1117640
CShaderPreloadOperationBoot	CGameOperation	FUN_106d4010	1117656
CShortRangeResource	CSectorResource	FUN_103b5500	643583
CSimpleAnimationComponent	CEntityComponent	FUN_101a5ee0	291798
CSimpleEntityEvent	CEntityEvent	FUN_1024a810	406562
CSimpleNetworkComponent	CNetworkComponent	FUN_101a5fa0	291862
CSimplePrimitiveComponent	CRenderableComponent	FUN_101a7140	293101
CSingletonEntity	COmniEntity	FUN_101a6680	292315
CSkeletonResource	CResource	FUN_101b8e20	306634
CSmartTerrain	CDynamicGameAIObject	FUN_10980410	1501905
CSmartTerrainManager	CSingletonEntity	FUN_10980440	1501921
CSniperPoint	CGameAIObject	FUN_109804d0	1501969
CSoundComponent	CSoundObjectCallbacksComponent	FUN_101a6b30	292715
CSoundEvent	CEntityEvent	FUN_101b9370	307070
CSoundLineComponent	CBasicShapeComponent	FUN_101a6b60	292731
CSoundManager	CSingletonEntity	FUN_101a7380	293293
CSoundObjectCallbacksComponent	CEntityComponent	FUN_101a6b00	292699
CSoundResource	CResourceContainer	FUN_102df2b0	499436
CSoundShapeComponent	IShapeComponent	FUN_101a6b90	292747
CSoundSwitchValueEvent	CEntityEvent	FUN_1025a560	414791
CSpawnPoint	COmniMapEntity	FUN_101a6e60	292899
CSpawnPointBlue	CSpawnPoint	FUN_101a6f50	292960
CSpawnPointBlueStart	CSpawnPointBlue	FUN_101a6fd0	293005
CSpawnPointBuddy	CSpawnPoint	FUN_101a6e90	292915
CSpawnPointRed	CSpawnPoint	FUN_101a6f00	292931
CSpawnPointRedStart	CSpawnPointRed	FUN_101a6fa0	292989
CSpawnPointService	ISpawnPointService	FUN_1005aa00	61706
CSpawnPointSpectator	CSpawnPoint	FUN_101a7000	293021
CSpawnerUnitFactory	CNomadObject	FUN_10567940	921903
CSpawnerUnitFactory_Single	CSpawnerUnitFactory	FUN_105679b0	921919
CSpecialEventPoint	CEntity	FUN_104cab30	831273
CSpectatorPlayer	IPlayer	FUN_1075df30	1194648
CSplinePrimitiveComponent	CRenderableComponent	FUN_101a7170	293117
CStateMachineBlobResource	CStateMachineResource	FUN_104c92f0	830187
CStateMachineResource	CResourceContainer	FUN_104c92c0	830171
CStaticClusterPhysComponent	CPhysComponent	FUN_10258750	413744
CStaticDecalComponent	CRenderableComponent	FUN_101a6c20	292795
CStaticGraphicComponent	CBaseGraphicComponent	FUN_101a7080	293037
CStaticPhysComponent	CPhysComponent	FUN_10204c60	360546
CStealthComponent	CEntityComponent	FUN_104cb010	831513
CStickyFlameEvent	CEntityEvent	FUN_105e7a80	988721
CStimEffectTable	CBaseEntity	FUN_1068bee0	1081387
CStimsEmitterComponent	CEntityComponent	FUN_1076d080	1203481
CStingbatAgent	CBtzAnimalAgent	FUN_1097f3a0	1501408
CStopDialogEvent	CEntityEvent	FUN_101b8ef0	306702
CStrategicPoint	CTagPoint	FUN_104cab90	831305
CSuccessHitEvent	CEntityEvent	FUN_1067aed0	1072408
CSuicideComponent	CEntityComponent	FUN_101a58c0	291398
CSystemMessageText	CGameMessageText	FUN_1023e370	397768
CTDMSpawnPointService	CDMSpawnPointService	FUN_10647740	1039750
CTagPoint	CEntity	FUN_104cab60	831289
CTapirusAgent	CBtzAnimalAgent	FUN_1097f370	1501392
CTask	CTaskRoot	FUN_104a1950	803111
CTaskAMPSuitAim	CAMPSuitAction	FUN_109846f0	1507569
CTaskAMPSuitChase	CAMPSuitAction	FUN_10984720	1507585
CTaskAMPSuitPathFollow	CAMPSuitAction	FUN_10984690	1507537
CTaskAMPSuitSelectWeapon	CAMPSuitAction	FUN_109846c0	1507553
CTaskAMPSuitShoot	CAMPSuitAction	FUN_10984750	1507601
CTaskActivateInfamyPose	CPawnAction	FUN_10982240	1504481
CTaskActivateSocialSTP	CAgentAction	FUN_10982cf0	1505393
CTaskAimAt	CAgentAction	FUN_10980890	1502289
CTaskAirAnimalVehicleControl	CVehicleAction	FUN_10984160	1507137
CTaskAirPathFollow	CVehicleAction	FUN_109839b0	1506481
CTaskAnimalAttack	CAgentAction	FUN_109842e0	1507265
CTaskAnimalCheckVisionStatus	CAgentAction	FUN_10982de0	1505473
CTaskAnimalCommand	CAgentAction	FUN_10983920	1506433
CTaskAnimalPathFollow	CAgentAction	FUN_109838f0	1506417
CTaskAnimalUseSkills	CAgentDecision	FUN_10983950	1506449
CTaskAttackStrategy	CPawnDecision	FUN_10982150	1504401
CTaskBreakSocialPair	CPawnAction	FUN_10982270	1504497
CTaskBroadcastStims	CAgentAction	FUN_109839e0	1506497
CTaskBtzAnimalChase	CBtzAnimalAction	FUN_10984600	1507489
CTaskBtzAttack	CPawnBaseAction	FUN_109845d0	1507473
CTaskBuddyDown	CPawnDecision	FUN_10982030	1504305
CTaskCalcLineDist	CAgentAction	FUN_10983a40	1506529
CTaskChase	CAgentAction	FUN_10980a40	1502433
CTaskCheckActionSignal	CAgentAction	FUN_10981580	1503393
CTaskCheckAimStrategy	CPawnDecision	FUN_10981c40	1503969
CTaskCheckAmmoStatus	CPawnDecision	FUN_10982630	1504817
CTaskCheckAnimalCanTryAnotherRunAwayDestination	CAgentDecision	FUN_10983860	1506369
CTaskCheckAnimalIsMounted	CBtzAnimalAction	FUN_10984c90	1508049
CTaskCheckAnimalThreaten	CAgentDecision	FUN_109838c0	1506401
CTaskCheckArmyRole	CPawnDecision	FUN_10981af0	1503857
CTaskCheckArmyRoleAction	CPawnDecision	FUN_10981b20	1503873
CTaskCheckBargeSide	CAgentDecision	FUN_10980da0	1502721
CTaskCheckBlindCombatLevel	CPawnDecision	FUN_10983560	1506113
CTaskCheckBuildingEntry	CAgentDecision	FUN_10980bc0	1502561
CTaskCheckCharSheetStat	CAgentDecision	FUN_10984960	1507777
CTaskCheckClearPath	CAgentAction	FUN_10981760	1503553
CTaskCheckCombatMercInRadius	CPawnBaseDecision	FUN_10982600	1504801
CTaskCheckCoverDist	CPawnDecision	FUN_10981eb0	1504177
CTaskCheckCurrentSocialOccupation	CPawnDecision	FUN_10983b30	1506609
CTaskCheckCurrentWeapon	CPawnDecision	FUN_10981fd0	1504273
CTaskCheckDifficultyLevel	CAgentDecision	FUN_10980d10	1502673
CTaskCheckDisturbanceType	CPawnDecision	FUN_10983ce0	1506753
CTaskCheckDominoData	CPawnDecision	FUN_109822d0	1504529
CTaskCheckEmotionStrategy	CPawnDecision	FUN_10981c10	1503953
CTaskCheckFactExist	CAgentDecision	FUN_10981010	1502929
CTaskCheckFireProximity	CAgentDecision	FUN_10980b30	1502513
CTaskCheckFireRange	CPawnDecision	FUN_10981e80	1504161
CTaskCheckFireStrategy	CPawnDecision	FUN_10981bb0	1503921
CTaskCheckIdleBehavior	CPawnDecision	FUN_10981340	1503201
CTaskCheckInterestLookAtType	CPawnDecision	FUN_10983aa0	1506561
CTaskCheckIsInBuilding	CPawnDecision	FUN_109824e0	1504705
CTaskCheckIsInDistance	CPawnBaseDecision	FUN_10982450	1504657
CTaskCheckIsInFOV	CPawnAction	FUN_109834d0	1506065
CTaskCheckIsPlayingBark	CPawnAction	FUN_10982300	1504545
CTaskCheckLookStrategy	CPawnDecision	FUN_10981be0	1503937
CTaskCheckMovingFire	CPawnDecision	FUN_10981ca0	1504001
CTaskCheckODUType	CPawnDecision	FUN_10981ee0	1504193
CTaskCheckObjectBlockingPath	CAgentDecision	FUN_10981070	1502961
CTaskCheckObstaclesInRegion	CAgentDecision	FUN_10980c20	1502593
CTaskCheckPlayerAction	CPawnDecision	FUN_109812b0	1503153
CTaskCheckPlayerInfamy	CPawnDecision	FUN_10983c20	1506689
CTaskCheckPosInLoadedSector	CAgentDecision	FUN_10980d70	1502705
CTaskCheckPosOnSpline	CAgentDecision	FUN_10980a10	1502417
CTaskCheckProjEscapeType	CPawnDecision	FUN_10981430	1503281
CTaskCheckProximity	CAgentAction	FUN_10983c80	1506721
CTaskCheckQueryRange	CPawnDecision	FUN_10981130	1503025
CTaskCheckRegionTransition	CPawnDecision	FUN_109814c0	1503329
CTaskCheckRegionType	CPawnDecision	FUN_10983b00	1506593
CTaskCheckRelativeInfamy	CPawnDecision	FUN_10983d10	1506769
CTaskCheckSawSomethingLevel	CPawnDecision	FUN_10983530	1506097
CTaskCheckSeeFriendNearby	CPawnDecision	FUN_10981310	1503185
CTaskCheckSmartTerrainType	CAgentDecision	FUN_10982cc0	1505377
CTaskCheckSocialProximity	CPawnDecision	FUN_10983ad0	1506577
CTaskCheckSpecialMissionBehaviour	CPawnDecision	FUN_10980b60	1502529
CTaskCheckSpecialStrategy	CPawnDecision	FUN_10981c70	1503985
CTaskCheckSquadAction	CPawnDecision	FUN_10981b50	1503889
CTaskCheckSquadRole	CPawnDecision	FUN_10981b80	1503905
CTaskCheckStressLevel	CPawnDecision	FUN_10983d40	1506785
CTaskCheckTargetHeightDiff	CPawnDecision	FUN_10981f70	1504241
CTaskCheckTargetRange	CPawnDecision	FUN_10981f40	1504225
CTaskCheckTargetType	CPawnDecision	FUN_10981fa0	1504257
CTaskCheckTargetVisible	CPawnDecision	FUN_10981f10	1504209
CTaskCheckThreatDistance	CAgentDecision	FUN_10983890	1506385
CTaskCheckUnderFire	CPawnDecision	FUN_10980fe0	1502913
CTaskCheckUsingCover	CPawnDecision	FUN_10982000	1504289
CTaskCheckViewBlocked	CPawnDecision	FUN_10983c50	1506705
CTaskCheckVisibleByPlayer	CPawnDecision	FUN_109812e0	1503169
CTaskChooseCoverAttack	CPawnDecision	FUN_109817c0	1503585
CTaskChurchAssault	CPawnAction	FUN_10982690	1504849
CTaskCleanBriefingAnim	CPawnAction	FUN_10983bf0	1506673
CTaskClearMoveToDynamics	CPawnAction	FUN_10982570	1504753
CTaskComputeInterpolatedPos	CAgentAction	FUN_10980c50	1502609
CTaskComputeLeapFrogStep	CAgentAction	FUN_10981910	1503697
CTaskComputeProjectileTrajectory	CPawnAction	FUN_10981cd0	1504017
CTaskComputeSynchActionPosition	CPawnAction	FUN_10981d00	1504033
CTaskCopterAim	CVehicleAction	FUN_10984930	1507761
CTaskCoverAttack	CPawnAction	FUN_10981970	1503729
CTaskDebugSetCurrentBehavior	CPawnAction	FUN_10980bf0	1502577
CTaskDisablePawnBehaviorsWhileRunning	CPawnAction	FUN_10984bd0	1507985
CTaskDisableSTPDynamicAvoidance	CPawnAction	FUN_10982660	1504833
CTaskDisplayError	CAgentAction	FUN_10980f20	1502849
CTaskDisplaySTPClippingError	CAgentAction	FUN_10983cb0	1506737
CTaskDroneBombChase	CAgentAction	FUN_109849f0	1507825
CTaskDroneBombMoveTo	CAgentAction	FUN_10984a20	1507841
CTaskDropItem	CPawnAction	FUN_109818e0	1503681
CTaskEmitBark	CPawnAction	FUN_10982090	1504337
CTaskEndJumpDown	CPawnAction	FUN_10984c30	1508017
CTaskFindAIShootMeObject	CPawnDecision	FUN_10981370	1503217
CTaskFindCover	CAgentAction	FUN_10980a70	1502449
CTaskFindCoverAttack	CAgentAction	FUN_10981790	1503569
CTaskFindEscapePos	CAgentAction	FUN_10980ad0	1502481
CTaskFindInterestLookAt	CPawnAction	FUN_10983a70	1506545
CTaskFindLeapFrogStep	CAgentDecision	FUN_10981940	1503713
CTaskFindMountedWeapon	CPawnAction	FUN_10981190	1503057
CTaskFindPlayerTarget	CAgentDecision	FUN_10981730	1503537
CTaskFindProtectionPoint	CAgentAction	FUN_10982510	1504721
CTaskFindRandomDest	CAgentAction	FUN_10983470	1506033
CTaskFindRescueDest	CAgentAction	FUN_10983830	1506353
CTaskFindRiskPoints	CPawnAction	FUN_10981a30	1503793
CTaskFindSocialFleePos	CPawnAction	FUN_109813d0	1503249
CTaskFindStrategicPoint	CPawnDecision	FUN_10981a90	1503825
CTaskFindVisualThreat	CPawnAction	FUN_10981160	1503041
CTaskFindWorldEntity	CAgentAction	FUN_10980fb0	1502897
CTaskFireStrategySelector	CPawnDecision	FUN_109821b0	1504433
CTaskFuzzyChoice	CPawnDecision	FUN_10981700	1503521
CTaskGetBuildingEntry	CPawnAction	FUN_10980b90	1502545
CTaskGetClosestSplinePos	CAgentAction	FUN_109809e0	1502401
CTaskGetNextPathPos	CAgentAction	FUN_10980c80	1502625
CTaskGetPatrolPath	CAgentAction	FUN_10981a00	1503777
CTaskGetPosOnNavMesh	CAgentAction	FUN_109819a0	1503745
CTaskGetRescuePositions	CPawnAction	FUN_10983a10	1506513
CTaskGetSniperPoint	CPawnAction	FUN_10982390	1504593
CTaskGetStraightPath	CAgentAction	FUN_109819d0	1503761
CTaskHighTargetAttackPos	CPawnDecision	FUN_10980e30	1502769
CTaskIncreaseSawSomethingLevel	CPawnAction	FUN_10983500	1506081
CTaskIncrementPathPos	CAgentAction	FUN_10980cb0	1502641
CTaskJump	CPawnAction	FUN_10984c00	1508001
CTaskLookAround	CPawnAction	FUN_10980b00	1502497
CTaskLookAroundTarget	CPawnAction	FUN_109821e0	1504449
CTaskLookAt	CAgentAction	FUN_109808c0	1502305
CTaskLookAtVehicle	CPawnAction	FUN_109825d0	1504785
CTaskLookRandom	CPawnAction	FUN_10982210	1504465
CTaskManageAnchor	CAgentAction	FUN_10980e60	1502785
CTaskManageArmy	CPawnAction	FUN_10980dd0	1502737
CTaskMeleeCombo	CPawnAction	FUN_10984ba0	1507969
CTaskMoveStrategy	CPawnDecision	FUN_10982180	1504417
CTaskMoveTo	CAgentAction	FUN_10980860	1502273
CTaskNextWeapon	CPawnAction	FUN_109807d0	1502225
CTaskNotifyUnreachablePos	CPawnAction	FUN_10981d60	1504065
CTaskOperateOnFlagField	CAgentDecision	FUN_10981400	1503265
CTaskOrientAndPlayAnim	CAgentAction	FUN_10984310	1507281
CTaskOrientToward	CPawnAction	FUN_109808f0	1502321
CTaskPathAnalyzer	CPawnDecision	FUN_10982060	1504321
CTaskPathFind	CAgentAction	FUN_10980920	1502337
CTaskPathFindAndMoveTo	CAgentAction	FUN_10980980	1502369
CTaskPathFollow	CPawnAction	FUN_10980950	1502353
CTaskPatrol	CAgentAction	FUN_10982d20	1505409
CTaskPlayAnim	CAgentAction	FUN_109817f0	1503601
CTaskPlayBriefingAnim	CPawnAction	FUN_10983bc0	1506657
CTaskPlaySound	CAgentAction	FUN_10981820	1503617
CTaskPredictImpactPos	CPawnAction	FUN_10981220	1503105
CTaskPrepareSynchActionPosition	CPawnAction	FUN_10981d30	1504049
CTaskPushPlayer	CPawnAction	FUN_10983b60	1506625
CTaskRequestVehicle	CPawnAction	FUN_109825a0	1504769
CTaskReserveProtectionPoint	CAgentAction	FUN_10982540	1504737
CTaskReserveSniperPoint	CPawnAction	FUN_109823c0	1504609
CTaskResourceManager	CAgentAction	FUN_10980e00	1502753
CTaskReturnFailure	CAgentAction	FUN_10980ec0	1502817
CTaskRoot	CNomadObject	FUN_104a1920	803095
CTaskSavePosInFact	CAgentAction	FUN_10981850	1503633
CTaskSearchOpponents	CPawnAction	FUN_109810d0	1502993
CTaskSelectBestOpponents	CPawnDecision	FUN_10981100	1503009
CTaskSelectBestTarget	CPawnDecision	FUN_10982330	1504561
CTaskSelectHitAndRunPoint	CPawnAction	FUN_10984b70	1507953
CTaskSelectRiskPoint	CPawnDecision	FUN_10981a60	1503809
CTaskSelectWeapon	CPawnAction	FUN_109814f0	1503345
CTaskSendActionSignal	CAgentAction	FUN_109815b0	1503409
CTaskSendBrainEvent	CAgentAction	FUN_109818b0	1503665
CTaskSendDominoEvent	CPawnBaseAction	FUN_10983b90	1506641
CTaskSendHMREvent	CPawnAction	FUN_10981280	1503137
CTaskSendReport	CAgentAction	FUN_10981550	1503377
CTaskSendSocialReport	CPawnAction	FUN_10982480	1504673
CTaskSetAimStrategy	CPawnAction	FUN_10981e20	1504129
CTaskSetCurrentState	CPawnAction	FUN_10980d40	1502689
CTaskSetEmotionStrategy	CPawnAction	FUN_10981df0	1504113
CTaskSetFacialEmotion	CPawnAction	FUN_10982360	1504577
CTaskSetFireStrategy	CPawnAction	FUN_10981d90	1504081
CTaskSetForcedLookAtEntity	CPawnAction	FUN_109824b0	1504689
CTaskSetHiding	CAgentAction	FUN_10984c60	1508033
CTaskSetLookStrategy	CPawnAction	FUN_10981dc0	1504097
CTaskSetPathPointPosition	CAgentAction	FUN_10981ac0	1503841
CTaskSetPawnAttribute	CPawnAction	FUN_10981610	1503441
CTaskSetPawnTarget	CPawnAction	FUN_109815e0	1503425
CTaskSetPostureAttribute	CPawnAction	FUN_10981640	1503457
CTaskSetPostureIntention	CPawnAction	FUN_10981670	1503473
CTaskSetSocialEngageMode	CPawnAction	FUN_109822a0	1504513
CTaskSetSpecialStrategy	CPawnAction	FUN_10981e50	1504145
CTaskSetSpeed	CAgentAction	FUN_10980aa0	1502465
CTaskSetStanceOnSniperPoint	CPawnAction	FUN_10982420	1504641
CTaskSetSyncState	CPawnAction	FUN_109834a0	1506049
CTaskShoot	CPawnAction	FUN_10980800	1502241
CTaskShootMortar	CPawnAction	FUN_10980830	1502257
CTaskShootMountedWeapon	CPawnAction	FUN_10981250	1503121
CTaskSmartTerrainExecutor	CAgentAction	FUN_109816d0	1503505
CTaskSmartTerrainFinder	CAgentAction	FUN_109816a0	1503489
CTaskSpecialVehicleDetach	CPawnAction	FUN_10981490	1503313
CTaskSplinePathFind	CAgentAction	FUN_109809b0	1502385
CTaskStopBark	CPawnAction	FUN_109820c0	1504353
CTaskStopBarkGesture	CPawnAction	FUN_109820f0	1504369
CTaskSwitchWeapon	CPawnAction	FUN_10981520	1503361
CTaskTeleportInVehicleSeat	CPawnAction	FUN_10981460	1503297
CTaskTurretOrientTo	CTurretAction	FUN_109848a0	1507713
CTaskTurretSelectWeapon	CTurretAction	FUN_10984840	1507681
CTaskTurretSetState	CTurretAction	FUN_10984870	1507697
CTaskTurretShoot	CTurretAction	FUN_109847e0	1507649
CTaskTurretType	CTurretDecision	FUN_10984810	1507665
CTaskUnReserveCover	CAgentAction	FUN_10981880	1503649
CTaskUpdateBlackboard	CAgentAction	FUN_10980ef0	1502833
CTaskUpdateBuddyAiming	CPawnAction	FUN_109813a0	1503233
CTaskUpdatePathPos	CAgentAction	FUN_10980ce0	1502657
CTaskUseAIBuilding	CPawnAction	FUN_109811f0	1503089
CTaskUseMountedWeapon	CPawnAction	FUN_109811c0	1503073
CTaskUseSniperPoint	CPawnAction	FUN_109823f0	1504625
CTaskVehicleAccost	CVehicleAction	FUN_10983ec0	1506913
CTaskVehicleAggressiveMove	CVehicleAction	FUN_10983e60	1506881
CTaskVehicleBoostFactor	CVehicleAction	FUN_10983fe0	1507009
CTaskVehicleChase	CVehicleAction	FUN_10983e00	1506849
CTaskVehicleCheckExitOnLand	CVehicleDecision	FUN_109840a0	1507073
CTaskVehicleCheckSpeed	CVehicleDecision	FUN_109840d0	1507089
CTaskVehicleCheckUserPriority	CVehicleDecision	FUN_10984100	1507105
CTaskVehicleEnableSteeringEngine	CVehicleAction	FUN_10983fb0	1506993
CTaskVehicleEscapeProjectile	CVehicleAction	FUN_10983f50	1506961
CTaskVehicleGetBargePos	CVehicleAction	FUN_10984040	1507041
CTaskVehicleGetMergePos	CVehicleAction	FUN_10983f80	1506977
CTaskVehicleGetPierAnchor	CVehicleAction	FUN_10983e90	1506897
CTaskVehicleOrientToward	CVehicleAction	FUN_10983f20	1506945
CTaskVehiclePathFollow	CVehicleAction	FUN_10983da0	1506817
CTaskVehicleSelectWeapon	CVehicleAction	FUN_10984900	1507745
CTaskVehicleSetUserRolePriority	CVehicleAction	FUN_10983e30	1506865
CTaskVehicleShoot	CVehicleAction	FUN_109848d0	1507729
CTaskVehicleSink	CVehicleAction	FUN_10984010	1507025
CTaskVehicleStop	CVehicleAction	FUN_10983dd0	1506833
CTaskVehicleTurnAround	CVehicleAction	FUN_10983ef0	1506929
CTaskVehicleTurnCheat	CVehicleAction	FUN_10984070	1507057
CTaskVehicleUpdatePathFollow	CVehicleAction	FUN_10984130	1507121
CTaskWait	CAgentAction	FUN_109807a0	1502209
CTaskWaitAnimGroup	CPawnBaseAction	FUN_10984b10	1507921
CTaskWaitFactExist	CAgentAction	FUN_10981040	1502945
CTaskWaitOriented	CAgentAction	FUN_10980e90	1502801
CTaskWaspChase	CAgentAction	FUN_10984990	1507793
CTaskWaspMoveTo	CAgentAction	FUN_109849c0	1507809
CTaskWatchFlyingProjectile	CPawnAction	FUN_10982120	1504385
CTeamChatMessage	CChatMessage	FUN_1023e5a0	397837
CTeamManager	ITeamManager	FUN_10705df0	1147251
CTerm	CNomadObject	FUN_104ef7f0	854010
CTermFactList	CTerm	FUN_109e54b0	1562539
CTermSingleFact	CTerm	FUN_104ef8b0	854059
CTextureMipResource	CResource	FUN_103b5530	643599
CTextureResource	CResource	FUN_1018d200	274665
CThanatorAgent	CBtzAnimalAgent	FUN_1097f3d0	1501424
CThinPropaneTank	CEntityComponent	FUN_104c9470	830266
CToxicCloudComponent	CEntityComponent	FUN_104c9f00	830636
CTrackingEvent	<root>	FUN_107aaad0	1241133
CTrackingEventFPSClientToggle	CTrackingEventLevelToggle	FUN_107aab40	1241168
CTrackingEventLevelToggle	CTrackingEvent	FUN_107aab10	1241152
CTrackingService	IGameModeService	FUN_104cbed0	832026
CTransmissionTableInfoMsg	CNetDataContainer	FUN_101356e0	215431
CTrapComponent	CEntityComponent	FUN_104ca380	830876
CTravelStartOperation	CGameOperation	FUN_106d1cf0	1116942
CTravelStopOperation	CGameOperation	FUN_106d1d20	1116958
CTriggerChangeCountEvent	CEntityEvent	FUN_107b2ec0	1246250
CTriggerComponent	CEntityComponent	FUN_1021c990	375550
CTriggerEnableEvent	CEntityEvent	FUN_105e0b30	985509
CTriggerEvent	CEntityEvent	FUN_102dc5f0	497965
CTriggerSimpleEvent	CEntityEvent	FUN_1052a7c0	888868
CTurretAction	CAgentAction	FUN_10984780	1507617
CTurretDecision	CAgentDecision	FUN_109847b0	1507633
CTurretSoundAndFXComponent	CCreatureSoundAndFXComponent	FUN_104c95f0	830330
CTutorial	CChallenge	FUN_105f9d20	999332
CUIStrategy	CNomadObject	FUN_1003ced0	41743
CUIStrategyService	IGameModeService	FUN_106eae80	1131043
CUseEquipmentEvent	CEntityEvent	FUN_10693040	1085207
CUsePlantedEquipmentEvent	CUseEquipmentEvent	FUN_107ec070	1280084
CVariantParameter	<root>	FUN_10a13150	1582552
CVehicle	CVehicleBase	FUN_104c9f60	830652
CVehicleAction	CAgentAction	FUN_10983980	1506465
CVehicleAgent	CGameAgent	FUN_1097e250	1501010
CVehicleBase	CGameObject	FUN_104c9960	830428
CVehicleCopterPhysComponent	CVehiclePhysComponent	FUN_1076d1d0	1203577
CVehicleDamagedPartEvent	CEntityEvent	FUN_10771830	1205892
CVehicleDecision	CAgentDecision	FUN_10983d70	1506801
CVehicleEngineFloodedEvent	CEntityEvent	FUN_10729df0	1166867
CVehicleEventExplosion	CEntityEvent	FUN_10563160	919321
CVehicleEventFinalExplosion	CEntityEvent	FUN_105631d0	919358
CVehicleEventIsDestructable	CEntityEvent	FUN_1052a830	888905
CVehicleEventLandTrigger	CEntityEvent	FUN_1059a730	949592
CVehicleEventSetEngineBroken	CEntityEvent	FUN_1052a8a0	888942
CVehicleFloatingPhysComponent	CVehiclePhysComponent	FUN_1076d1a0	1203561
CVehicleFlyingPhysComponent	CVehiclePhysComponent	FUN_1052ec10	891296
CVehicleMaterialComponent	CCustomMaterialComponent	FUN_101a5950	291446
CVehicleNetMessageExplosion	CNetDataContainer	FUN_1076e630	1204294
CVehicleNetworkComponent	CNetworkComponent	FUN_106906d0	1084074
CVehicleParagliderPhysComponent	CVehiclePhysComponent	FUN_1076d170	1203545
CVehiclePhysComponent	CPhysComponent	FUN_1052ebe0	891280
CVehicleScanner	CAgentScanner	FUN_10984190	1507153
CVehicleSmartTerrain	CSmartTerrain	FUN_10980470	1501937
CVehicleSpawnedPartNetDescriptor	CNetDescriptor	FUN_1076d470	1203641
CVehicleStrategy	<root>	FUN_109a3f50	1527023
CVehicleStrategyAIObject	CVehicleStrategy	FUN_109a4000	1527079
CVehicleStrategyEntity	CVehicleStrategy	FUN_109ca590	1548851
CVehicleStrategyPosition	CVehicleStrategy	FUN_109a3f90	1527042
CVehicleType	CNomadObject	FUN_10565bb0	920824
CVehicleTypeEngine	CVehicleType	FUN_105d2a10	978022
CVehicleTypeFlying	CVehicleType	FUN_10565be0	920840
CVehicleTypeWheeled	CVehicleTypeEngine	FUN_106d4180	1117704
CVehicleWheeledPhysComponent	CVehiclePhysComponent	FUN_1076d140	1203529
CViperwolfAgent	CBtzAnimalAgent	FUN_1097f310	1501360
CVisibilityOcclusionVolumeComponent	CEntityComponent	FUN_101a5860	291366
CVisibleObject	CGameAIObject	FUN_1097ddd0	1500942
CVisibleObjectEvent	CEntityEvent	FUN_102530e0	410250
CVoiceFxManager	CSingletonEntity	FUN_101a73b0	293309
CVoteQuestion	CNetDataContainer	FUN_106f0a40	1135136
CVoteQuestionMatch	CVoteQuestion	FUN_106f0ab0	1135166
CVoteQuestionPlayer	CVoteQuestion	FUN_106f0b70	1135216
CVotingService	IGameModeService	FUN_106f01e0	1134834
CWagerRegion	CBasicRegionEntity	FUN_104cc460	832271
CWeapon	CEquipmentBase	FUN_104c9cc0	830556
CWeaponControllerMemento	CNetDataContainer	FUN_1076d670	1203688
CWeaponEventBulletShot	CEntityEvent	FUN_105fab90	999975
CWeaponEventFireBullet	CEntityEvent	FUN_105d2a80	978059
CWeaponEventReload	CEntityEvent	FUN_10815440	1305463
CWeaponFireBulletProperties	CWeaponFireProperties	FUN_1074c780	1187949
CWeaponFireBulletStrategy	CWeaponFireStrategy	FUN_1062ec60	1028877
CWeaponFireMeleeStrategy	CWeaponFireStrategy	FUN_10581ca0	936316
CWeaponFireProjectileProperties	CWeaponFireBulletProperties	FUN_1074c820	1187986
CWeaponFireProjectileStrategy	CWeaponFireBulletStrategy	FUN_1062ec90	1028893
CWeaponFireProperties	CNomadObject	FUN_1074c750	1187933
CWeaponFireStrategy	CEquipmentUseStrategy	FUN_10581ba0	936264
CWeaponIEDMemento	CWeaponProjectileMemento	FUN_107ebf90	1280002
CWeaponMemento	CNetDataContainer	FUN_107ebf30	1279970
CWeaponProjectileControllerMemento	CWeaponControllerMemento	FUN_108206a0	1312703
CWeaponProjectileMemento	CWeaponMemento	FUN_107ebf60	1279986
CWeaponUsedEvent	CEntityEvent	FUN_1054f420	908927
CWeaponsService	IGameModeService	FUN_10581c70	936300
CWorldSector	CResource	FUN_101a5cd0	291734
CXmlResource	CResource	FUN_100c2a90	138894
CZoneInfoComponent	CEntityComponent	FUN_101a6030	291910
CZoneLogicManager	CSingletonEntity	FUN_101a7320	293261
CZoneLogicRegion	CBasicRegionEntity	FUN_101a67d0	292427
CZoneSectorResource	CResource	FUN_1018cf00	274523
ChaliceAgent	PlantAgent	FUN_1097fc60	1501794
HammerheadAgent	CBtzAnimalAgent	FUN_1097f460	1501472
IAuthorizationService	IGameModeService	FUN_101a0620	287378
ICollectionIgnitorComponent	CEntityComponent	FUN_102f1f90	513951
ICountersService	IGameModeService	FUN_102cf8e0	490487
IFile	<root>	FUN_100c1d10	138152
IGOStateContext	<root>	FUN_1054f310	908889
IGameMessageService	IGameModeService	FUN_101a05c0	287346
IGameModeService	CNomadObject	FUN_1003cb50	41451
IGameSoundService	IGameModeService	FUN_101983d0	280838
IGameStatsService	IGameModeService	FUN_104f9430	860145
IMagmaDebugTextService	IGameModeService	FUN_1018d1d0	274649
IOnValueChangedParam	<root>	FUN_1023d740	397194
IOperation	<root>	FUN_10136800	216359
IPlayer	<root>	FUN_10046070	46304
IPlayerService	IGameModeService	FUN_100460b0	46323
IShapeComponent	CEntityComponent	FUN_101a6aa0	292667
IShapeEntity	COmniMapEntity	FUN_101a6710	292363
ISpawnPointService	IGameModeService	FUN_1005a9d0	61690
ITeamManager	IGameModeService	FUN_10705dc0	1147235
MoveData	ActionData	FUN_108d98d0	1419073
Plant	CPawnBase	FUN_104c9ea0	830604
PlantAgent	CPawnBaseAgent	FUN_1097fba0	1501730
PlazaArmouryService	IGameModeService	FUN_1003cc60	41535
PlazaArmouryUIStrategy	CUIStrategy	FUN_1003cff0	41839
PlazaChatService	IGameModeService	FUN_1003cc90	41551
PlazaContextualInteractionService	IGameModeService	FUN_1003ccc0	41567
PlazaContextualInteractionUIStrategy	CUIStrategy	FUN_1003cf60	41791
PlazaCoreService	IGameModeService	FUN_1003ccf0	41583
PlazaFriendService	IGameModeService	FUN_1003cde0	41663
PlazaFriendUIStrategy	CUIStrategy	FUN_1003cfc0	41823
PlazaGameOperationBuilder	CGameOperationBuilder	FUN_1003cbc0	41485
PlazaGameOperationJoin	CGameOperation	FUN_1003cc30	41519
PlazaHudUIStrategy	CUIStrategy	FUN_1003cf00	41759
PlazaMetaGameService	IGameModeService	FUN_1003ce70	41711
PlazaMetaGameUIStrategy	CUIStrategy	FUN_1003d020	41855
PlazaNetworkService	IGameModeService	FUN_1003cd20	41599
PlazaOverHeadPanelUIStrategy	CUIStrategy	FUN_1003cf30	41775
PlazaPawnBeautifierRemotePlayer	CPawnBeautifier	FUN_1003d0b0	41903
PlazaPawnRemotePlayerComponent	CEntityComponent	FUN_1003d0e0	41919
PlazaPlayGroupService	IGameModeService	FUN_1003cdb0	41647
PlazaPlayGroupUIStrategy	CUIStrategy	FUN_1003cf90	41807
PlazaPlayerProfileService	IGameModeService	FUN_1003ce10	41679
PlazaPlayerService	IGameModeService	FUN_1003cd80	41631
PlazaVoiceChatService	IGameModeService	FUN_1003ce40	41695
PlazaWarStatisticService	IGameModeService	FUN_1003cea0	41727
PlazaWarStatisticUIStrategy	CUIStrategy	FUN_1003d050	41871
SPhysMaterial	CNomadDbObjectNamed	FUN_102bdfd0	478895
SSettings	CNomadDbObjectNamed	FUN_1027f200	437391
SSettings	CNomadDbObjectNamed	FUN_1036ff60	599832
SSettings	CNomadDbObjectNamed	FUN_107aff70	1244304
SSkillFxBase	<root>	FUN_105343a0	894344
SSkillFxBlink	SSkillFxBase	FUN_105344d0	894443
SSkillFxCamo	SSkillFxParticles	FUN_105344a0	894427
SSkillFxDelayed	SSkillFxBase	FUN_105343e0	894363
SSkillFxObject	SSkillFxBase	FUN_10534410	894379
SSkillFxParticles	SSkillFxObject	FUN_10534440	894395
SSkillFxPostFx	SSkillFxBase	FUN_10534500	894459
SSkillFxShakeAndRumble	SSkillFxBase	FUN_105345e0	894533
SSkillFxShield	SSkillFxBase	FUN_10534470	894411
SSkillFxSlowmo	SSkillFxBase	FUN_10534570	894496
SSkillFxTacticalStrike	SSkillFxBase	FUN_10534610	894549
SquidAgent	PlantAgent	FUN_1097fc30	1501778
SturmbeestAgent	CBtzAnimalAgent	FUN_1097f430	1501456
TerritoryManagement	Action	FUN_108e59f0	1427647
Turret	CPawnBase	FUN_104c9ed0	830620
TurretAgent	CPawnBaseAgent	FUN_1097f930	1501624
TurretSensorySystem	CPawnBaseSensorySystem	FUN_109eaee0	1565511
VisualAction	<root>	FUN_108e7bb0	1429083
VisualAttack	VisualMove	FUN_108e7c20	1429118
VisualMove	VisualAction	FUN_108e7bf0	1429102
